,Brand,Processor,RAM (GB),Storage (GB),Storage Type,GPU,Screen Size (inches),OS,Weight (kg),Price (â‚¹)
0,MSI,M1,8,1000,HDD,NVIDIA MX,15.6,macOS,2.5,68000
1,Asus,i3 10th Gen,32,512,HDD + SSD,NVIDIA MX,13.3,Linux,1.8,77240
2,Acer,M2,8,512,HDD + SSD,NVIDIA MX,17.3,macOS,1.6,76240
3,Dell,i7 12th Gen,8,2048,SSD,AMD Radeon,16.0,Windows 10,2.2,106960
4,MSI,Ryzen 5,64,1000,SSD,AMD Radeon,13.3,Windows 11,1.5,129000
5,Lenovo,M1,8,512,SSD,AMD Radeon,17.3,macOS,1.6,66240
6,Apple,M2,4,256,HDD,Intel Iris,16.0,macOS,1.2,52120
7,Dell,Ryzen 7,32,256,HDD,Apple GPU,15.6,Windows 11,1.5,87120
8,Asus,M2,64,512,HDD + SSD,Apple GPU,17.3,macOS,2.0,132240
9,Lenovo,M2,4,2048,HDD,Apple GPU,14.0,macOS,2.0,94960
10,Dell,i3 10th Gen,8,256,HDD,NVIDIA MX,14.0,Windows 11,1.8,43120
11,Acer,i5 11th Gen,4,512,SSD,NVIDIA MX,17.3,Linux,1.5,62240
12,Lenovo,i5 11th Gen,32,1000,HDD + SSD,Intel UHD,14.0,Windows 11,1.6,87000
13,Apple,Ryzen 5,64,1000,HDD + SSD,Intel Iris,13.3,macOS,1.6,119000
14,Lenovo,i5 11th Gen,8,1000,HDD + SSD,NVIDIA GTX,15.6,Windows 11,1.2,73000
15,Lenovo,i5 11th Gen,16,512,HDD,Apple GPU,15.6,Linux,1.8,66240
16,Apple,M2,16,1000,HDD,Intel UHD,16.0,macOS,2.0,79000
17,Dell,i5 11th Gen,4,256,HDD + SSD,Intel UHD,15.6,Linux,2.5,44120
18,Asus,i7 12th Gen,64,512,SSD,Intel UHD,13.3,Windows 11,1.5,119240
19,MSI,Ryzen 5,8,512,HDD + SSD,AMD Radeon,15.6,Windows 11,1.8,63240
20,Acer,Ryzen 7,4,256,HDD + SSD,Intel Iris,14.0,Windows 10,1.2,54120
21,HP,i3 10th Gen,4,1000,HDD + SSD,NVIDIA GTX,14.0,Windows 11,2.2,59000
22,Acer,M2,64,512,HDD + SSD,AMD Radeon,15.6,macOS,2.2,129240
23,Apple,M2,8,256,HDD,Apple GPU,13.3,macOS,2.0,63120
24,MSI,M2,64,512,SSD,AMD Radeon,14.0,macOS,2.5,129240
25,Apple,Ryzen 5,16,1000,HDD + SSD,AMD Radeon,13.3,macOS,1.5,81000
26,MSI,M1,16,1000,SSD,Apple GPU,17.3,macOS,2.2,84000
27,Dell,M1,64,256,HDD,AMD Radeon,15.6,macOS,2.5,109120
28,Asus,Ryzen 5,64,1000,HDD + SSD,Intel Iris,17.3,Windows 11,1.2,122000
29,Asus,i7 12th Gen,64,512,HDD,Apple GPU,13.3,macOS,2.5,124240
30,Lenovo,i3 10th Gen,32,1000,HDD,Apple GPU,15.6,macOS,1.8,82000
31,Apple,M2,16,512,HDD,Apple GPU,14.0,macOS,1.5,76240
32,Apple,M2,32,512,SSD,NVIDIA GTX,14.0,macOS,2.2,97240
33,Apple,Ryzen 5,8,512,SSD,NVIDIA GTX,13.3,macOS,2.2,63240
34,Dell,Ryzen 7,4,256,HDD,AMD Radeon,13.3,macOS,1.8,59120
35,Acer,Ryzen 7,8,512,HDD,NVIDIA GTX,16.0,Windows 11,2.2,71240
36,Dell,Ryzen 5,16,2048,HDD,Intel Iris,14.0,Windows 10,1.2,86960
37,HP,i3 10th Gen,4,2048,HDD,Intel Iris,16.0,Linux,1.2,67960
38,HP,i3 10th Gen,32,1000,SSD,NVIDIA GTX,17.3,Linux,1.5,90000
39,Lenovo,Ryzen 5,32,512,HDD,Apple GPU,16.0,macOS,1.5,85240
40,Asus,Ryzen 7,4,1000,HDD,Apple GPU,15.6,Windows 10,1.2,74000
41,HP,M2,16,512,HDD + SSD,Intel Iris,14.0,macOS,1.8,71240
42,Dell,i5 11th Gen,64,512,HDD,Intel Iris,17.3,Linux,2.5,107240
43,Lenovo,Ryzen 5,64,2048,HDD + SSD,Apple GPU,16.0,Windows 11,1.6,152960
44,Asus,i7 12th Gen,32,512,HDD + SSD,AMD Radeon,15.6,Windows 11,1.8,97240
45,HP,M2,32,2048,SSD,Intel UHD,16.0,macOS,2.5,120960
46,HP,Ryzen 5,8,1000,HDD,Intel Iris,14.0,macOS,1.6,58000
47,MSI,M1,16,512,HDD,Apple GPU,16.0,macOS,1.6,69240
48,HP,i3 10th Gen,4,256,HDD,NVIDIA MX,17.3,macOS,2.2,42120
49,MSI,Ryzen 7,8,512,SSD,Intel UHD,16.0,Windows 10,2.0,66240
50,Apple,Ryzen 7,8,1000,SSD,Intel UHD,16.0,macOS,2.0,76000
51,HP,Ryzen 7,16,256,HDD,Apple GPU,16.0,Linux,1.5,74120
52,Dell,M2,64,256,SSD,Intel UHD,15.6,macOS,1.2,114120
53,HP,i7 12th Gen,32,1000,HDD,Apple GPU,13.3,Linux,1.2,102000
54,Asus,i3 10th Gen,64,256,HDD + SSD,Apple GPU,16.0,Windows 10,2.0,107120
55,Lenovo,i5 11th Gen,8,512,HDD,NVIDIA MX,17.3,macOS,1.5,61240
56,Dell,Ryzen 5,32,256,HDD + SSD,AMD Radeon,16.0,Windows 10,2.0,85120
57,HP,Ryzen 5,64,512,HDD + SSD,Intel Iris,16.0,macOS,1.8,112240
58,Dell,i5 11th Gen,16,512,SSD,AMD Radeon,15.6,Linux,1.6,71240
59,Acer,i7 12th Gen,64,256,HDD,AMD Radeon,13.3,Windows 11,2.0,119120
60,Apple,i5 11th Gen,16,256,SSD,Intel Iris,16.0,macOS,2.0,59120
61,Apple,M1,64,256,HDD + SSD,Intel UHD,14.0,macOS,1.8,104120
62,HP,M1,16,256,SSD,NVIDIA GTX,17.3,macOS,1.6,69120
63,Apple,i3 10th Gen,8,1000,HDD + SSD,NVIDIA GTX,16.0,macOS,2.0,66000
64,Asus,i5 11th Gen,8,1000,HDD + SSD,AMD Radeon,14.0,Windows 10,1.2,73000
65,Dell,i3 10th Gen,64,512,SSD,NVIDIA MX,16.0,macOS,1.8,112240
66,Acer,Ryzen 7,4,256,HDD,Apple GPU,17.3,Windows 11,2.5,62120
67,Acer,i5 11th Gen,8,1000,HDD + SSD,Intel UHD,15.6,Windows 11,1.8,63000
68,Lenovo,i7 12th Gen,32,512,HDD + SSD,Apple GPU,14.0,Windows 11,1.8,97240
69,Apple,M1,4,1000,HDD + SSD,NVIDIA GTX,14.0,macOS,2.0,69000
70,MSI,Ryzen 7,4,512,SSD,Intel UHD,16.0,Windows 11,1.6,62240
71,Apple,M1,16,512,HDD + SSD,Apple GPU,14.0,macOS,2.0,71240
72,Lenovo,M1,8,512,SSD,Intel UHD,16.0,macOS,1.6,56240
73,HP,M1,32,256,SSD,Intel Iris,15.6,macOS,2.2,72120
74,Lenovo,i7 12th Gen,64,2048,HDD,Apple GPU,16.0,Windows 11,1.5,157960
75,MSI,Ryzen 5,64,512,HDD,Intel UHD,14.0,macOS,1.8,104240
76,Lenovo,Ryzen 5,32,2048,HDD + SSD,Apple GPU,16.0,Windows 11,2.0,120960
77,MSI,Ryzen 5,4,1000,SSD,Apple GPU,13.3,Windows 10,2.2,69000
78,MSI,i7 12th Gen,4,1000,HDD,Apple GPU,16.0,Windows 10,1.6,77000
79,MSI,Ryzen 5,16,256,SSD,Apple GPU,13.3,Windows 11,1.6,66120
80,MSI,M1,4,1000,HDD,NVIDIA GTX,13.3,macOS,1.2,64000
81,Lenovo,i3 10th Gen,32,256,SSD,Intel UHD,13.3,Windows 11,2.0,62120
82,HP,i3 10th Gen,32,1000,HDD,NVIDIA MX,17.3,macOS,1.6,85000
83,HP,i7 12th Gen,4,1000,HDD,NVIDIA GTX,15.6,Windows 10,1.5,74000
84,MSI,Ryzen 7,32,256,SSD,NVIDIA MX,16.0,Linux,1.6,95120
85,Acer,i5 11th Gen,16,2048,HDD,Intel UHD,16.0,Windows 11,2.5,89960
86,MSI,i5 11th Gen,8,256,HDD,Intel Iris,17.3,macOS,1.2,46120
87,MSI,Ryzen 5,4,2048,HDD + SSD,Intel UHD,13.3,Windows 11,2.0,79960
88,Dell,i5 11th Gen,8,256,HDD + SSD,Intel Iris,13.3,Linux,1.2,48120
89,Lenovo,i5 11th Gen,8,2048,SSD,AMD Radeon,13.3,macOS,2.2,93960
90,Acer,i5 11th Gen,32,1000,HDD + SSD,Intel Iris,14.0,Linux,2.2,87000
91,Acer,i5 11th Gen,8,512,HDD + SSD,Intel UHD,17.3,Windows 10,1.2,56240
92,Asus,Ryzen 5,32,1000,HDD + SSD,AMD Radeon,14.0,Windows 11,2.5,97000
93,Asus,i3 10th Gen,4,512,HDD,Apple GPU,15.6,macOS,1.6,44240
94,MSI,i7 12th Gen,4,256,HDD,NVIDIA MX,15.6,Linux,2.5,59120
95,Acer,i3 10th Gen,8,512,SSD,AMD Radeon,14.0,Windows 10,1.2,53240
96,Acer,Ryzen 7,64,1000,HDD,NVIDIA MX,14.0,Linux,1.2,134000
97,Dell,M1,4,256,SSD,NVIDIA GTX,13.3,macOS,2.0,54120
98,Dell,M1,8,512,HDD + SSD,NVIDIA MX,14.0,macOS,2.5,63240
99,Lenovo,i7 12th Gen,8,1000,HDD,NVIDIA GTX,15.6,Windows 11,2.5,78000
100,HP,i7 12th Gen,16,2048,HDD + SSD,Apple GPU,17.3,Windows 11,2.0,114960
101,HP,i7 12th Gen,4,256,HDD + SSD,Intel Iris,16.0,Linux,1.6,57120
102,Apple,Ryzen 5,32,2048,HDD + SSD,Apple GPU,16.0,macOS,1.5,120960
103,MSI,Ryzen 7,64,2048,HDD,AMD Radeon,13.3,Linux,2.5,154960
104,Dell,i7 12th Gen,32,1000,HDD + SSD,Apple GPU,16.0,Windows 11,1.6,110000
105,Lenovo,i5 11th Gen,8,2048,SSD,Apple GPU,14.0,Windows 11,1.2,93960
106,Acer,M2,16,256,HDD + SSD,Intel Iris,14.0,macOS,1.8,66120
107,HP,M1,16,2048,HDD + SSD,AMD Radeon,16.0,macOS,2.5,104960
108,Dell,i7 12th Gen,8,512,HDD + SSD,Apple GPU,13.3,Windows 10,2.0,73240
109,HP,M2,4,1000,SSD,Intel UHD,13.3,macOS,1.8,69000
110,Acer,i5 11th Gen,32,1000,HDD,Apple GPU,13.3,Linux,1.6,92000
111,Apple,i7 12th Gen,64,2048,SSD,Intel Iris,13.3,macOS,1.6,149960
112,Lenovo,Ryzen 7,16,1000,HDD + SSD,NVIDIA GTX,14.0,Windows 10,2.2,91000
113,Dell,i7 12th Gen,8,512,SSD,AMD Radeon,14.0,Windows 10,1.2,73240
114,Asus,i5 11th Gen,16,256,SSD,Intel UHD,13.3,macOS,1.6,56120
115,Acer,Ryzen 7,8,256,SSD,NVIDIA GTX,16.0,Windows 10,1.8,71120
116,MSI,Ryzen 7,8,256,HDD,NVIDIA GTX,16.0,Windows 10,1.8,66120
117,Lenovo,i5 11th Gen,64,1000,SSD,Apple GPU,16.0,Linux,2.5,132000
118,Dell,M1,32,256,HDD,NVIDIA MX,17.3,macOS,2.5,80120
119,Asus,M1,16,1000,HDD + SSD,AMD Radeon,14.0,macOS,2.0,81000
120,Lenovo,M2,16,256,HDD,Apple GPU,17.3,macOS,2.5,74120
121,Lenovo,i7 12th Gen,8,2048,HDD,AMD Radeon,13.3,Linux,1.5,98960
122,MSI,Ryzen 7,4,2048,HDD + SSD,AMD Radeon,15.6,Linux,1.6,99960
123,Dell,Ryzen 7,16,2048,HDD + SSD,NVIDIA MX,17.3,Linux,1.6,114960
124,Asus,Ryzen 5,32,2048,HDD,NVIDIA GTX,13.3,macOS,2.2,112960
125,Asus,i5 11th Gen,32,2048,HDD,Apple GPU,16.0,Windows 10,2.2,115960
126,MSI,M2,4,1000,HDD + SSD,Apple GPU,16.0,macOS,2.2,82000
127,MSI,Ryzen 5,4,256,SSD,Apple GPU,14.0,macOS,2.5,54120
128,Asus,M1,4,2048,SSD,Intel Iris,16.0,macOS,2.5,82960
129,MSI,Ryzen 5,16,2048,HDD,NVIDIA MX,13.3,macOS,1.5,96960
130,Asus,M2,8,512,HDD,Intel Iris,17.3,macOS,1.6,61240
131,HP,i3 10th Gen,32,2048,HDD + SSD,Intel UHD,15.6,Windows 11,2.5,97960
132,Asus,i5 11th Gen,64,1000,SSD,Intel Iris,15.6,macOS,1.6,119000
133,HP,i5 11th Gen,32,2048,HDD + SSD,Apple GPU,16.0,Linux,1.2,120960
134,Asus,M2,64,2048,HDD + SSD,Apple GPU,14.0,macOS,1.5,159960
135,MSI,i5 11th Gen,32,1000,SSD,Apple GPU,15.6,macOS,1.5,97000
136,Dell,i7 12th Gen,32,1000,HDD,AMD Radeon,14.0,Linux,2.2,102000
137,Acer,i3 10th Gen,64,256,HDD + SSD,Intel Iris,14.0,Windows 10,1.2,94120
138,MSI,Ryzen 5,64,1000,HDD,NVIDIA MX,15.6,macOS,1.5,124000
139,Apple,Ryzen 5,8,2048,SSD,NVIDIA GTX,13.3,macOS,1.2,93960
140,Asus,i3 10th Gen,64,512,SSD,Apple GPU,13.3,Windows 11,2.2,109240
141,Apple,i7 12th Gen,16,1000,HDD,Intel Iris,15.6,macOS,1.8,76000
142,Dell,i5 11th Gen,16,1000,HDD + SSD,Intel UHD,15.6,Windows 10,2.2,71000
143,Apple,i3 10th Gen,16,512,HDD,NVIDIA GTX,17.3,macOS,2.0,59240
144,Lenovo,Ryzen 5,64,2048,HDD,NVIDIA MX,14.0,Linux,2.5,144960
145,MSI,M2,16,2048,HDD + SSD,NVIDIA GTX,16.0,macOS,2.0,114960
146,HP,M2,32,1000,SSD,Intel Iris,15.6,macOS,1.6,97000
147,Lenovo,M1,64,512,SSD,Intel UHD,16.0,macOS,2.0,112240
148,Acer,M1,32,512,SSD,NVIDIA GTX,16.0,macOS,1.6,90240
149,Dell,i7 12th Gen,4,512,SSD,Intel UHD,17.3,Windows 10,2.5,62240
150,HP,i5 11th Gen,4,512,SSD,AMD Radeon,16.0,macOS,1.6,62240
151,MSI,i3 10th Gen,16,256,HDD,Intel Iris,14.0,macOS,2.0,41120
152,MSI,Ryzen 5,16,256,HDD + SSD,Intel UHD,15.6,Windows 11,1.6,56120
153,Acer,M1,8,1000,SSD,Apple GPU,14.0,macOS,2.2,73000
154,Lenovo,M2,8,256,HDD + SSD,NVIDIA MX,15.6,macOS,1.5,68120
155,Apple,M1,16,512,HDD + SSD,NVIDIA MX,13.3,macOS,1.2,71240
156,Apple,M1,16,512,SSD,NVIDIA GTX,16.0,macOS,1.6,74240
157,Apple,i5 11th Gen,4,1000,HDD + SSD,NVIDIA GTX,13.3,macOS,1.5,69000
158,Lenovo,M1,8,1000,HDD + SSD,Intel Iris,15.6,macOS,1.5,63000
159,MSI,i3 10th Gen,32,512,HDD + SSD,Intel UHD,14.0,Linux,2.2,67240
160,Apple,i3 10th Gen,32,2048,SSD,AMD Radeon,16.0,macOS,1.8,110960
161,Dell,i7 12th Gen,64,512,HDD + SSD,NVIDIA MX,15.6,Linux,2.5,129240
162,Asus,Ryzen 7,32,256,HDD,Apple GPU,13.3,Windows 11,1.2,87120
163,Dell,M2,16,2048,HDD,AMD Radeon,15.6,macOS,2.2,106960
164,Dell,Ryzen 5,16,256,HDD,Intel Iris,15.6,Windows 11,1.6,51120
165,Lenovo,i5 11th Gen,32,2048,HDD,Intel Iris,15.6,Windows 11,2.2,102960
166,Acer,i3 10th Gen,4,2048,HDD + SSD,AMD Radeon,17.3,macOS,1.6,82960
167,Dell,i3 10th Gen,16,2048,HDD,NVIDIA GTX,13.3,Windows 11,1.6,86960
168,Asus,i7 12th Gen,32,1000,SSD,Intel Iris,17.3,Windows 10,1.5,100000
169,Lenovo,M1,8,2048,SSD,Apple GPU,13.3,macOS,2.2,93960
170,Acer,M1,4,1000,SSD,NVIDIA MX,13.3,macOS,1.6,69000
171,Lenovo,Ryzen 5,4,256,SSD,Intel UHD,16.0,macOS,2.0,47120
172,Apple,Ryzen 7,32,1000,HDD + SSD,NVIDIA GTX,13.3,macOS,1.6,107000
173,Acer,Ryzen 7,16,512,HDD,Apple GPU,14.0,Windows 11,1.6,76240
174,Apple,i3 10th Gen,64,1000,SSD,Apple GPU,17.3,macOS,2.0,122000
175,Lenovo,M1,4,512,HDD,NVIDIA GTX,13.3,macOS,2.0,54240
176,HP,i7 12th Gen,64,256,SSD,Intel UHD,17.3,macOS,2.5,117120
177,MSI,Ryzen 5,8,1000,HDD,Intel UHD,16.0,Linux,1.6,61000
178,Asus,M1,64,512,HDD + SSD,Intel UHD,15.6,macOS,2.2,109240
179,HP,i3 10th Gen,4,2048,SSD,NVIDIA MX,14.0,macOS,2.2,79960
180,Lenovo,i5 11th Gen,16,256,HDD,Intel Iris,16.0,Windows 10,1.8,54120
181,Asus,i5 11th Gen,64,256,HDD,Intel UHD,13.3,Windows 11,1.8,99120
182,Dell,M2,16,256,SSD,Apple GPU,16.0,macOS,2.2,79120
183,Acer,i5 11th Gen,64,2048,SSD,NVIDIA MX,15.6,macOS,1.5,149960
184,Apple,Ryzen 5,8,512,SSD,NVIDIA MX,17.3,macOS,1.5,66240
185,Dell,Ryzen 5,4,1000,HDD,Apple GPU,17.3,Linux,1.8,67000
186,Acer,i3 10th Gen,16,512,HDD,NVIDIA GTX,15.6,Linux,1.2,56240
187,Apple,M2,8,512,HDD + SSD,NVIDIA GTX,13.3,macOS,2.2,73240
188,Apple,i5 11th Gen,16,256,SSD,Intel UHD,13.3,macOS,1.6,56120
189,Acer,i3 10th Gen,64,2048,HDD,NVIDIA MX,14.0,macOS,2.5,134960
190,Acer,Ryzen 7,8,2048,HDD + SSD,NVIDIA MX,14.0,Windows 10,1.5,103960
191,Asus,i3 10th Gen,4,256,HDD,Apple GPU,16.0,macOS,2.2,42120
192,HP,i5 11th Gen,16,1000,SSD,Intel Iris,13.3,Windows 10,1.8,71000
193,Asus,M2,4,256,HDD,Intel UHD,14.0,macOS,1.5,49120
194,Acer,Ryzen 7,4,1000,SSD,Apple GPU,14.0,Windows 11,2.2,79000
195,HP,M2,64,1000,SSD,NVIDIA MX,17.3,macOS,2.0,142000
196,Lenovo,i3 10th Gen,64,1000,HDD,Intel UHD,17.3,Windows 10,1.2,107000
197,Asus,i3 10th Gen,4,256,SSD,AMD Radeon,17.3,macOS,2.2,47120
198,Acer,M2,16,1000,SSD,Apple GPU,15.6,macOS,1.5,91000
199,Apple,M2,16,2048,HDD,Intel UHD,15.6,macOS,2.2,96960
200,Dell,M2,64,256,HDD,AMD Radeon,14.0,macOS,1.8,119120
201,Asus,Ryzen 7,32,2048,HDD + SSD,Intel UHD,13.3,Linux,1.8,117960
202,MSI,Ryzen 5,32,512,HDD + SSD,Intel Iris,17.3,Windows 11,2.2,80240
203,Asus,M1,4,512,HDD,NVIDIA MX,14.0,macOS,2.2,54240
204,HP,Ryzen 5,16,2048,HDD + SSD,NVIDIA MX,14.0,macOS,1.8,101960
205,HP,M1,16,512,SSD,Intel UHD,15.6,macOS,1.5,61240
206,Apple,Ryzen 7,16,512,HDD,NVIDIA GTX,17.3,macOS,2.0,79240
207,MSI,Ryzen 7,32,256,HDD,NVIDIA GTX,13.3,Windows 11,1.6,87120
208,MSI,i7 12th Gen,4,512,SSD,NVIDIA MX,13.3,Windows 10,1.5,69240
209,Dell,Ryzen 7,32,512,SSD,NVIDIA MX,14.0,macOS,1.2,97240
210,Acer,i7 12th Gen,16,256,SSD,Intel Iris,16.0,Windows 11,1.5,69120
211,Acer,i7 12th Gen,32,512,SSD,NVIDIA GTX,17.3,macOS,2.2,100240
212,Apple,M2,4,256,HDD + SSD,NVIDIA GTX,13.3,macOS,1.5,64120
213,HP,M2,4,512,SSD,NVIDIA GTX,16.0,macOS,2.2,72240
214,MSI,i5 11th Gen,4,1000,HDD + SSD,NVIDIA MX,16.0,Windows 11,1.2,72000
215,MSI,i5 11th Gen,64,2048,HDD + SSD,NVIDIA GTX,15.6,macOS,2.0,149960
216,Asus,i7 12th Gen,32,512,HDD,Apple GPU,15.6,macOS,1.8,92240
217,HP,M1,8,1000,SSD,AMD Radeon,17.3,macOS,2.2,76000
218,Asus,M1,4,1000,HDD,NVIDIA MX,16.0,macOS,2.2,67000
219,Apple,Ryzen 7,8,512,SSD,AMD Radeon,13.3,macOS,2.0,73240
220,Lenovo,M1,16,2048,HDD + SSD,Intel Iris,15.6,macOS,1.6,91960
221,Acer,i3 10th Gen,64,2048,HDD + SSD,Apple GPU,14.0,Windows 10,1.6,139960
222,Lenovo,i5 11th Gen,16,2048,HDD + SSD,NVIDIA GTX,15.6,macOS,1.6,101960
223,Lenovo,M1,64,256,HDD + SSD,AMD Radeon,13.3,macOS,2.5,114120
224,Acer,M1,32,256,HDD,Intel Iris,16.0,macOS,1.8,70120
225,Asus,Ryzen 5,64,256,HDD + SSD,AMD Radeon,16.0,macOS,2.0,117120
226,MSI,i3 10th Gen,8,256,HDD,Intel UHD,17.3,Windows 11,1.5,36120
227,Lenovo,i7 12th Gen,32,256,HDD + SSD,Intel Iris,17.3,Windows 10,1.8,85120
228,Lenovo,Ryzen 5,4,512,HDD + SSD,NVIDIA MX,16.0,macOS,1.5,62240
229,Apple,Ryzen 5,8,512,HDD,Intel UHD,14.0,macOS,1.6,48240
230,Dell,M2,16,256,HDD,NVIDIA MX,15.6,macOS,2.0,71120
231,Acer,M1,64,2048,SSD,Intel Iris,15.6,macOS,2.2,139960
232,HP,M1,16,256,HDD,Intel UHD,15.6,macOS,1.5,51120
233,Acer,M2,32,512,HDD,Apple GPU,13.3,macOS,1.6,92240
234,Lenovo,M1,4,2048,SSD,Intel Iris,13.3,macOS,1.2,79960
235,Lenovo,M1,8,512,HDD,NVIDIA MX,13.3,macOS,1.8,58240
236,HP,i5 11th Gen,32,256,SSD,Intel UHD,15.6,macOS,1.6,72120
237,Apple,Ryzen 7,64,1000,HDD + SSD,NVIDIA MX,15.6,macOS,2.5,139000
238,HP,M2,4,2048,SSD,NVIDIA GTX,17.3,macOS,2.0,102960
239,Asus,i3 10th Gen,4,2048,SSD,Apple GPU,17.3,Windows 11,1.5,82960
240,MSI,i7 12th Gen,16,512,SSD,Apple GPU,14.0,Linux,1.2,81240
241,Lenovo,i7 12th Gen,4,1000,SSD,AMD Radeon,17.3,macOS,2.5,82000
242,HP,M2,64,256,HDD,NVIDIA GTX,15.6,macOS,2.2,119120
243,Asus,i3 10th Gen,64,256,HDD,Intel Iris,17.3,macOS,1.2,92120
244,Acer,M2,64,256,HDD + SSD,AMD Radeon,15.6,macOS,1.2,124120
245,MSI,M1,8,2048,HDD + SSD,Intel UHD,13.3,macOS,2.0,83960
246,Asus,M2,64,1000,HDD + SSD,AMD Radeon,15.6,macOS,1.8,139000
247,HP,i7 12th Gen,16,2048,HDD + SSD,NVIDIA MX,16.0,Linux,2.0,114960
248,Dell,M1,16,1000,HDD + SSD,Intel Iris,15.6,macOS,2.0,71000
249,Lenovo,i3 10th Gen,8,2048,HDD,Apple GPU,14.0,Linux,1.8,78960
250,MSI,M1,4,256,SSD,Apple GPU,14.0,macOS,1.8,54120
251,Acer,i7 12th Gen,8,256,SSD,Intel Iris,14.0,macOS,1.2,58120
252,Lenovo,i7 12th Gen,16,512,HDD + SSD,NVIDIA MX,15.6,macOS,2.2,81240
253,Lenovo,Ryzen 5,32,512,HDD + SSD,Apple GPU,13.3,Windows 11,1.2,87240
254,Asus,M2,16,256,HDD,Intel Iris,15.6,macOS,2.2,61120
255,Lenovo,Ryzen 5,16,2048,HDD + SSD,NVIDIA GTX,14.0,Linux,1.6,101960
256,Dell,i3 10th Gen,64,256,HDD + SSD,AMD Radeon,14.0,Linux,1.6,104120
257,Acer,Ryzen 7,16,256,HDD + SSD,Intel Iris,16.0,Windows 10,1.2,69120
258,Asus,i5 11th Gen,8,256,SSD,AMD Radeon,13.3,Windows 10,2.2,58120
259,Lenovo,M1,16,256,HDD,AMD Radeon,15.6,macOS,2.0,61120
260,Apple,Ryzen 7,64,2048,HDD + SSD,NVIDIA MX,14.0,macOS,1.5,159960
261,Apple,M1,8,256,SSD,Intel Iris,16.0,macOS,2.2,51120
262,Dell,M2,16,256,HDD + SSD,NVIDIA MX,17.3,macOS,1.5,79120
263,Lenovo,i5 11th Gen,16,512,HDD,Intel UHD,13.3,Windows 11,1.8,56240
264,Dell,Ryzen 5,16,1000,HDD + SSD,NVIDIA MX,16.0,Windows 10,1.6,84000
265,Acer,i5 11th Gen,8,256,SSD,Intel UHD,13.3,Windows 11,1.6,48120
266,Asus,i3 10th Gen,8,1000,SSD,Intel Iris,15.6,Windows 11,2.2,53000
267,HP,M2,32,256,HDD,Intel UHD,17.3,macOS,1.2,80120
268,MSI,Ryzen 5,16,256,SSD,Apple GPU,15.6,macOS,2.2,66120
269,MSI,M1,4,1000,HDD,Intel UHD,14.0,macOS,1.6,54000
270,MSI,i3 10th Gen,32,1000,SSD,Apple GPU,17.3,Windows 10,2.0,90000
271,Dell,i3 10th Gen,64,1000,HDD,Apple GPU,16.0,Windows 11,1.6,117000
272,Asus,Ryzen 7,64,1000,HDD,Intel Iris,13.3,Windows 11,2.2,124000
273,Acer,M2,64,1000,HDD,Intel UHD,17.3,macOS,1.2,127000
274,Asus,M1,16,256,SSD,NVIDIA MX,14.0,macOS,2.2,66120
275,Dell,Ryzen 7,8,1000,SSD,Intel Iris,17.3,Windows 10,2.2,76000
276,MSI,M1,64,2048,HDD + SSD,NVIDIA MX,17.3,macOS,1.6,152960
277,Apple,i3 10th Gen,8,1000,HDD + SSD,Intel UHD,14.0,macOS,1.6,53000
278,Lenovo,Ryzen 7,4,512,HDD + SSD,NVIDIA MX,14.0,Windows 11,2.2,69240
279,Dell,i3 10th Gen,64,256,HDD + SSD,NVIDIA MX,14.0,Linux,1.5,104120
280,Dell,Ryzen 5,32,2048,HDD + SSD,Apple GPU,17.3,Linux,1.8,120960
281,Asus,Ryzen 7,64,1000,HDD + SSD,AMD Radeon,14.0,macOS,1.5,139000
282,MSI,M1,64,256,HDD + SSD,NVIDIA MX,16.0,macOS,1.6,117120
283,Apple,i3 10th Gen,64,2048,HDD + SSD,Intel Iris,14.0,macOS,1.8,129960
284,MSI,M1,16,512,SSD,Apple GPU,13.3,macOS,1.2,71240
285,Apple,M2,16,512,HDD + SSD,NVIDIA MX,16.0,macOS,1.6,84240
286,Asus,i3 10th Gen,32,512,HDD,AMD Radeon,14.0,Windows 10,1.6,72240
287,Asus,i3 10th Gen,64,1000,HDD,Apple GPU,13.3,Linux,1.6,114000
288,Acer,M2,8,256,HDD + SSD,Intel UHD,16.0,macOS,2.0,61120
289,MSI,Ryzen 7,8,2048,HDD,Apple GPU,16.0,Windows 10,1.8,101960
290,Lenovo,i5 11th Gen,64,1000,HDD,NVIDIA MX,13.3,Linux,2.5,124000
291,Lenovo,i5 11th Gen,16,512,HDD + SSD,Apple GPU,16.0,Linux,2.2,74240
292,Acer,M1,64,512,SSD,Intel Iris,13.3,macOS,1.8,109240
293,Lenovo,Ryzen 5,64,512,HDD + SSD,Intel Iris,15.6,Linux,1.2,109240
294,Dell,M2,4,2048,SSD,NVIDIA GTX,15.6,macOS,2.5,99960
295,MSI,M1,4,256,SSD,Intel UHD,14.0,macOS,1.6,44120
296,Asus,i5 11th Gen,4,512,HDD + SSD,Intel Iris,16.0,Windows 10,1.2,52240
297,HP,Ryzen 5,64,512,HDD,NVIDIA MX,16.0,Windows 11,1.8,117240
298,HP,i5 11th Gen,8,512,SSD,Apple GPU,15.6,Windows 10,2.2,63240
299,Asus,M1,64,2048,HDD,NVIDIA MX,16.0,macOS,2.2,147960
300,HP,i7 12th Gen,8,256,SSD,NVIDIA MX,17.3,Windows 11,1.8,71120
301,Acer,i5 11th Gen,8,2048,HDD + SSD,NVIDIA MX,17.3,macOS,1.6,96960
302,Apple,M1,32,256,HDD + SSD,NVIDIA MX,15.6,macOS,1.2,82120
303,MSI,Ryzen 5,32,1000,HDD + SSD,Apple GPU,17.3,Linux,1.5,100000
304,HP,Ryzen 5,64,1000,HDD + SSD,Intel UHD,13.3,Windows 11,1.5,119000
305,Dell,M2,16,256,HDD,Intel UHD,13.3,macOS,2.5,61120
306,HP,M2,32,256,HDD + SSD,NVIDIA MX,16.0,macOS,1.8,95120
307,HP,i3 10th Gen,16,512,HDD + SSD,Intel Iris,16.0,Windows 11,1.8,54240
308,Dell,i5 11th Gen,16,256,HDD,Intel UHD,13.3,Linux,1.2,51120
309,Apple,Ryzen 5,8,1000,HDD + SSD,NVIDIA MX,16.0,macOS,2.2,76000
310,Acer,i7 12th Gen,8,2048,HDD + SSD,AMD Radeon,15.6,Linux,1.5,103960
311,Asus,Ryzen 7,64,256,HDD,NVIDIA GTX,14.0,macOS,2.2,119120
312,Dell,M2,8,512,SSD,NVIDIA MX,15.6,macOS,1.6,73240
313,Apple,Ryzen 7,4,1000,SSD,Apple GPU,14.0,macOS,2.5,79000
314,Acer,Ryzen 5,8,2048,HDD,NVIDIA MX,15.6,macOS,2.2,88960
315,Acer,i7 12th Gen,16,256,HDD,Intel UHD,15.6,macOS,2.2,61120
316,Lenovo,Ryzen 5,64,256,HDD + SSD,Intel UHD,15.6,Windows 11,1.5,104120
317,Apple,i5 11th Gen,8,256,SSD,NVIDIA MX,16.0,macOS,2.2,61120
318,HP,i7 12th Gen,64,1000,HDD + SSD,Apple GPU,13.3,Linux,1.2,139000
319,Apple,Ryzen 7,64,256,SSD,Apple GPU,14.0,macOS,2.2,124120
320,Acer,i3 10th Gen,4,2048,HDD + SSD,NVIDIA GTX,15.6,Linux,2.2,79960
321,Lenovo,Ryzen 5,16,256,SSD,Apple GPU,14.0,Linux,1.8,66120
322,Acer,M1,8,512,HDD + SSD,NVIDIA GTX,14.0,macOS,1.5,63240
323,Apple,i3 10th Gen,4,2048,SSD,NVIDIA GTX,15.6,macOS,1.5,79960
324,Acer,i3 10th Gen,16,1000,HDD + SSD,Apple GPU,15.6,macOS,2.0,71000
325,MSI,M1,32,256,HDD,AMD Radeon,15.6,macOS,1.6,77120
326,Apple,Ryzen 7,16,1000,HDD + SSD,Intel UHD,17.3,macOS,1.8,84000
327,HP,M2,8,1000,HDD,NVIDIA MX,17.3,macOS,1.6,81000
328,Asus,M1,16,2048,HDD + SSD,Apple GPU,15.6,macOS,1.2,101960
329,Acer,M1,8,512,HDD + SSD,NVIDIA MX,14.0,macOS,2.2,63240
330,Asus,i5 11th Gen,64,512,SSD,Intel UHD,13.3,Windows 10,1.2,109240
331,Acer,i5 11th Gen,8,2048,SSD,Apple GPU,15.6,Windows 11,1.6,93960
332,Dell,i5 11th Gen,32,512,HDD,Intel UHD,15.6,Linux,2.2,72240
333,Acer,i3 10th Gen,16,2048,SSD,Intel Iris,13.3,Windows 10,1.8,81960
334,HP,Ryzen 5,32,512,HDD + SSD,AMD Radeon,17.3,Windows 10,1.2,90240
335,MSI,M2,32,2048,HDD + SSD,AMD Radeon,13.3,macOS,1.2,127960
336,Apple,M1,4,1000,SSD,NVIDIA MX,13.3,macOS,2.0,69000
337,Dell,i7 12th Gen,4,2048,HDD + SSD,NVIDIA MX,17.3,macOS,2.0,102960
338,HP,Ryzen 7,32,256,HDD + SSD,AMD Radeon,14.0,Linux,1.8,92120
339,HP,M2,32,512,HDD,NVIDIA GTX,16.0,macOS,1.5,95240
340,HP,i7 12th Gen,8,512,HDD,Apple GPU,15.6,Linux,2.5,68240
341,Acer,i7 12th Gen,8,512,HDD + SSD,Apple GPU,15.6,Windows 10,2.2,73240
342,Dell,Ryzen 7,16,2048,HDD,NVIDIA MX,16.0,Windows 10,2.0,109960
343,Acer,i3 10th Gen,32,512,HDD + SSD,NVIDIA GTX,15.6,Windows 10,2.5,77240
344,Dell,i7 12th Gen,4,256,HDD + SSD,Apple GPU,17.3,Windows 10,2.0,67120
345,Lenovo,i5 11th Gen,4,2048,HDD,AMD Radeon,14.0,macOS,1.6,84960
346,Apple,i7 12th Gen,16,512,HDD + SSD,NVIDIA MX,14.0,macOS,2.5,81240
347,Asus,M2,64,1000,HDD + SSD,AMD Radeon,16.0,macOS,1.6,142000
348,Asus,M2,32,256,HDD,Intel UHD,14.0,macOS,2.5,77120
349,Apple,i7 12th Gen,32,1000,HDD,NVIDIA GTX,17.3,macOS,1.6,105000
350,Lenovo,Ryzen 5,8,256,HDD,NVIDIA MX,17.3,Windows 10,2.5,56120
351,MSI,i7 12th Gen,4,256,SSD,AMD Radeon,13.3,Linux,1.2,64120
352,Apple,i7 12th Gen,4,1000,HDD,Intel Iris,14.0,macOS,1.2,64000
353,HP,i7 12th Gen,8,2048,HDD + SSD,Intel Iris,14.0,Windows 11,2.2,93960
354,MSI,Ryzen 7,16,1000,HDD,Intel Iris,15.6,Windows 11,1.2,76000
355,Asus,i7 12th Gen,64,256,SSD,Apple GPU,17.3,Windows 10,2.2,127120
356,MSI,Ryzen 7,4,2048,HDD + SSD,Intel Iris,17.3,Windows 10,1.8,92960
357,Asus,i3 10th Gen,16,512,HDD + SSD,Intel Iris,17.3,macOS,1.6,54240
358,Dell,Ryzen 7,16,1000,HDD + SSD,NVIDIA GTX,16.0,Windows 10,1.8,94000
359,Dell,M1,4,512,HDD + SSD,NVIDIA GTX,14.0,macOS,2.5,59240
360,MSI,i7 12th Gen,64,256,HDD + SSD,Intel UHD,17.3,Windows 11,2.2,117120
361,Asus,i3 10th Gen,16,256,SSD,Apple GPU,16.0,Windows 11,1.5,59120
362,Asus,i7 12th Gen,32,512,HDD + SSD,Intel UHD,15.6,macOS,2.5,87240
363,Lenovo,Ryzen 7,64,2048,HDD,NVIDIA MX,14.0,Windows 10,2.2,154960
364,MSI,M1,16,256,HDD + SSD,Intel Iris,13.3,macOS,2.0,56120
365,Apple,i7 12th Gen,32,2048,HDD + SSD,Intel Iris,15.6,macOS,2.2,117960
366,Lenovo,Ryzen 7,4,512,HDD,Intel Iris,17.3,macOS,1.6,57240
367,HP,Ryzen 7,4,256,SSD,NVIDIA MX,16.0,macOS,2.2,67120
368,Apple,Ryzen 5,32,512,SSD,Apple GPU,17.3,macOS,1.2,90240
369,MSI,M2,32,512,SSD,Intel Iris,14.0,macOS,1.8,87240
370,Acer,M1,4,256,HDD + SSD,Intel Iris,13.3,macOS,1.8,44120
371,Asus,i3 10th Gen,8,512,SSD,NVIDIA MX,16.0,Windows 10,1.5,56240
372,Dell,Ryzen 7,16,512,SSD,Apple GPU,17.3,macOS,1.6,84240
373,Asus,Ryzen 5,16,256,HDD + SSD,Intel Iris,16.0,Windows 11,1.2,59120
374,Acer,i7 12th Gen,32,1000,HDD,Intel Iris,16.0,Windows 11,1.5,95000
375,Dell,Ryzen 5,4,256,HDD,NVIDIA MX,14.0,Windows 11,2.5,49120
376,HP,M2,4,2048,HDD,AMD Radeon,14.0,macOS,1.5,94960
377,Acer,M1,4,512,HDD + SSD,AMD Radeon,13.3,macOS,2.5,59240
378,Apple,Ryzen 5,32,2048,HDD,Intel Iris,16.0,macOS,2.2,105960
379,Dell,i3 10th Gen,4,512,SSD,Intel Iris,15.6,macOS,2.0,39240
380,HP,i5 11th Gen,4,256,HDD + SSD,Intel UHD,17.3,macOS,2.5,47120
381,Lenovo,M2,8,1000,SSD,NVIDIA GTX,13.3,macOS,2.0,83000
382,Asus,Ryzen 5,32,1000,HDD + SSD,NVIDIA MX,16.0,macOS,1.2,100000
383,Dell,M2,64,1000,HDD + SSD,Intel Iris,13.3,macOS,1.8,129000
384,Acer,M2,32,512,HDD,Apple GPU,14.0,macOS,1.5,92240
385,Asus,M2,16,512,HDD,Intel UHD,17.3,macOS,1.6,69240
386,HP,i3 10th Gen,4,512,HDD,NVIDIA MX,16.0,macOS,2.0,47240
387,Acer,i3 10th Gen,4,256,SSD,NVIDIA GTX,17.3,Linux,2.2,47120
388,MSI,M2,4,2048,HDD,Intel Iris,17.3,macOS,1.6,87960
389,Lenovo,Ryzen 5,16,256,HDD,Apple GPU,17.3,Windows 10,1.5,64120
390,Acer,i7 12th Gen,32,512,SSD,NVIDIA MX,13.3,Windows 11,1.6,97240
391,Lenovo,M1,64,1000,HDD,Apple GPU,15.6,macOS,2.2,124000
392,Apple,Ryzen 7,64,2048,HDD + SSD,NVIDIA MX,13.3,macOS,1.8,159960
393,HP,Ryzen 7,64,256,SSD,NVIDIA MX,13.3,Windows 10,1.8,124120
394,Dell,M2,8,1000,HDD,NVIDIA GTX,16.0,macOS,2.0,81000
395,Asus,i7 12th Gen,16,1000,HDD,AMD Radeon,13.3,macOS,1.2,86000
396,MSI,M1,64,512,HDD + SSD,Intel UHD,17.3,macOS,2.2,112240
397,Apple,i5 11th Gen,4,256,HDD + SSD,AMD Radeon,16.0,macOS,1.2,57120
398,Asus,Ryzen 5,4,2048,SSD,NVIDIA GTX,17.3,Linux,1.8,92960
399,Dell,Ryzen 5,32,512,HDD + SSD,Intel Iris,15.6,Windows 10,2.0,77240
400,Asus,i7 12th Gen,16,1000,HDD,NVIDIA GTX,16.0,Windows 10,1.2,89000
401,MSI,Ryzen 7,8,2048,SSD,Intel UHD,14.0,Windows 10,1.5,93960
402,Dell,i3 10th Gen,4,1000,HDD + SSD,AMD Radeon,16.0,Windows 11,1.8,62000
403,Asus,i3 10th Gen,16,256,HDD + SSD,NVIDIA MX,16.0,Windows 10,1.2,59120
404,Apple,i5 11th Gen,4,1000,HDD + SSD,NVIDIA MX,15.6,macOS,2.0,69000
405,Lenovo,i5 11th Gen,64,1000,HDD,Apple GPU,14.0,macOS,1.8,124000
406,Dell,Ryzen 7,32,512,HDD,NVIDIA MX,14.0,Windows 10,1.5,92240
407,Lenovo,Ryzen 7,4,256,HDD,Apple GPU,13.3,Windows 10,1.5,59120
408,Dell,i7 12th Gen,32,1000,HDD,Apple GPU,14.0,macOS,1.6,102000
409,Acer,i5 11th Gen,64,512,HDD + SSD,Apple GPU,14.0,Linux,1.8,119240
410,HP,i7 12th Gen,16,256,HDD,NVIDIA MX,14.0,macOS,1.5,71120
411,Apple,i5 11th Gen,16,1000,HDD + SSD,NVIDIA GTX,17.3,macOS,1.6,84000
412,Acer,i3 10th Gen,32,2048,HDD + SSD,NVIDIA MX,15.6,Windows 11,2.2,107960
413,HP,Ryzen 5,16,2048,HDD,Apple GPU,16.0,Linux,1.5,99960
414,MSI,Ryzen 5,4,1000,SSD,Intel UHD,14.0,Windows 10,2.5,59000
415,Apple,i7 12th Gen,8,512,SSD,NVIDIA MX,14.0,macOS,2.2,73240
416,Acer,i3 10th Gen,4,512,HDD + SSD,AMD Radeon,16.0,Linux,2.0,52240
417,Apple,i3 10th Gen,8,256,HDD,Intel Iris,16.0,macOS,2.2,36120
418,Dell,i5 11th Gen,4,2048,SSD,Intel Iris,16.0,macOS,2.2,82960
419,Acer,Ryzen 7,32,2048,SSD,AMD Radeon,13.3,Linux,2.0,127960
420,Acer,i3 10th Gen,32,2048,HDD,Intel UHD,14.0,Windows 10,1.2,92960
421,Dell,M1,8,2048,HDD + SSD,Intel Iris,16.0,macOS,1.6,86960
422,Asus,i7 12th Gen,64,2048,HDD + SSD,NVIDIA GTX,13.3,Windows 10,1.8,159960
423,Acer,M1,32,512,HDD + SSD,NVIDIA MX,14.0,macOS,1.6,87240
424,Asus,M2,32,1000,HDD,NVIDIA GTX,16.0,macOS,1.5,105000
425,Lenovo,i3 10th Gen,8,1000,SSD,Intel Iris,15.6,Linux,1.5,53000
426,Asus,M2,32,512,SSD,Intel UHD,16.0,macOS,1.2,90240
427,Asus,i7 12th Gen,8,512,SSD,Intel UHD,14.0,macOS,2.5,63240
428,Dell,i7 12th Gen,16,512,SSD,NVIDIA GTX,14.0,Windows 10,1.2,81240
429,Apple,i3 10th Gen,4,256,HDD,AMD Radeon,14.0,macOS,1.5,39120
430,HP,i5 11th Gen,64,512,SSD,Intel UHD,14.0,macOS,1.5,109240
431,HP,i3 10th Gen,16,512,HDD,Intel UHD,16.0,Windows 10,1.2,49240
432,Lenovo,i3 10th Gen,8,1000,SSD,NVIDIA GTX,17.3,Windows 11,2.2,66000
433,Apple,i7 12th Gen,64,1000,HDD + SSD,AMD Radeon,16.0,macOS,1.8,142000
434,HP,i5 11th Gen,32,1000,SSD,AMD Radeon,13.3,Linux,1.6,97000
435,Acer,i7 12th Gen,16,256,HDD,NVIDIA GTX,14.0,Windows 11,1.6,71120
436,Asus,M1,4,2048,HDD,Intel UHD,16.0,macOS,1.5,77960
437,Acer,i7 12th Gen,64,256,HDD + SSD,Intel UHD,14.0,macOS,2.2,114120
438,HP,M2,64,512,HDD + SSD,Intel Iris,15.6,macOS,2.0,119240
439,Lenovo,i5 11th Gen,16,2048,HDD + SSD,Intel UHD,14.0,Windows 10,2.0,91960
440,MSI,i7 12th Gen,64,512,HDD + SSD,AMD Radeon,15.6,Windows 11,2.0,129240
441,HP,i5 11th Gen,4,2048,SSD,NVIDIA MX,15.6,Windows 10,2.5,89960
442,Dell,i3 10th Gen,16,1000,SSD,Intel Iris,17.3,macOS,2.0,64000
443,HP,M1,64,512,SSD,NVIDIA GTX,13.3,macOS,2.5,119240
444,MSI,i5 11th Gen,4,512,HDD + SSD,Intel UHD,17.3,Linux,2.2,52240
445,MSI,Ryzen 7,8,256,HDD + SSD,AMD Radeon,13.3,Windows 10,1.2,68120
446,Dell,i7 12th Gen,8,256,SSD,NVIDIA MX,15.6,Windows 11,1.8,68120
447,Lenovo,Ryzen 5,16,256,HDD + SSD,AMD Radeon,13.3,Linux,1.5,66120
448,Apple,M2,4,1000,SSD,NVIDIA MX,16.0,macOS,1.2,82000
449,Dell,Ryzen 7,64,2048,HDD + SSD,AMD Radeon,17.3,Windows 11,1.8,162960
450,Lenovo,i5 11th Gen,64,1000,SSD,Intel UHD,13.3,Windows 10,1.8,119000
451,Dell,M2,64,512,HDD + SSD,NVIDIA MX,17.3,macOS,1.5,132240
452,MSI,i5 11th Gen,64,512,SSD,Intel Iris,17.3,Windows 11,1.5,112240
453,Asus,Ryzen 5,4,2048,SSD,Intel Iris,16.0,Linux,1.6,82960
454,Asus,i7 12th Gen,8,1000,HDD,Apple GPU,14.0,Windows 11,2.0,78000
455,Apple,i5 11th Gen,4,1000,HDD + SSD,NVIDIA GTX,14.0,macOS,2.0,69000
456,Acer,Ryzen 5,32,512,SSD,Intel UHD,13.3,Linux,2.0,77240
457,Acer,Ryzen 5,8,1000,SSD,NVIDIA MX,15.6,macOS,2.2,73000
458,MSI,Ryzen 7,64,512,HDD + SSD,NVIDIA GTX,16.0,macOS,2.0,132240
459,Acer,i7 12th Gen,16,512,HDD,Intel Iris,16.0,Windows 11,1.6,69240
460,Dell,i5 11th Gen,16,1000,SSD,Apple GPU,17.3,macOS,1.5,84000
461,MSI,M1,4,512,HDD + SSD,Intel Iris,16.0,macOS,2.0,52240
462,Dell,Ryzen 5,16,1000,SSD,Intel Iris,15.6,macOS,1.5,71000
463,Dell,i7 12th Gen,32,512,HDD + SSD,Apple GPU,13.3,Windows 10,1.2,97240
464,Acer,M2,16,1000,HDD,NVIDIA GTX,16.0,macOS,1.8,89000
465,Acer,i3 10th Gen,32,1000,HDD + SSD,Apple GPU,15.6,macOS,1.6,87000
466,MSI,M2,16,1000,SSD,NVIDIA MX,13.3,macOS,2.5,91000
467,Lenovo,Ryzen 7,16,2048,HDD + SSD,Apple GPU,15.6,Linux,1.6,111960
468,HP,i3 10th Gen,32,512,HDD,NVIDIA MX,16.0,Linux,2.5,75240
469,Dell,M1,16,512,SSD,NVIDIA GTX,17.3,macOS,1.5,74240
470,Asus,i3 10th Gen,32,1000,SSD,AMD Radeon,13.3,Linux,2.5,87000
471,Apple,i7 12th Gen,8,512,HDD + SSD,Intel UHD,17.3,macOS,2.2,66240
472,Lenovo,Ryzen 7,32,256,SSD,AMD Radeon,14.0,macOS,2.0,92120
473,Lenovo,M2,4,512,SSD,NVIDIA MX,14.0,macOS,2.0,69240
474,Dell,M2,16,2048,HDD,NVIDIA MX,15.6,macOS,1.8,106960
475,Lenovo,i3 10th Gen,16,512,HDD,NVIDIA MX,14.0,Linux,1.5,56240
476,Dell,i5 11th Gen,64,2048,SSD,Intel UHD,14.0,Windows 11,1.6,139960
477,Lenovo,M2,64,256,SSD,NVIDIA MX,17.3,macOS,1.6,127120
478,Dell,M2,4,1000,HDD,Intel UHD,16.0,macOS,2.5,67000
479,Lenovo,Ryzen 5,64,1000,SSD,Apple GPU,13.3,macOS,1.6,129000
480,Dell,i3 10th Gen,4,256,SSD,Intel Iris,17.3,macOS,1.6,37120
481,Apple,i3 10th Gen,32,256,SSD,Intel Iris,17.3,macOS,2.0,65120
482,Acer,i5 11th Gen,8,512,HDD + SSD,AMD Radeon,16.0,Linux,1.5,66240
483,Asus,M2,16,1000,HDD + SSD,Intel UHD,15.6,macOS,1.6,81000
484,Acer,Ryzen 7,16,512,HDD + SSD,Intel Iris,14.0,macOS,2.5,71240
485,MSI,i5 11th Gen,16,256,HDD,AMD Radeon,13.3,Linux,2.0,61120
486,HP,i3 10th Gen,16,512,HDD,AMD Radeon,17.3,Windows 11,1.8,59240
487,Asus,i3 10th Gen,64,256,HDD + SSD,AMD Radeon,14.0,Linux,1.8,104120
488,Acer,Ryzen 7,4,1000,SSD,Intel UHD,13.3,Linux,1.6,69000
489,Acer,i3 10th Gen,32,2048,SSD,AMD Radeon,17.3,macOS,1.5,110960
490,MSI,i5 11th Gen,8,1000,SSD,Apple GPU,13.3,macOS,2.0,73000
491,Apple,i5 11th Gen,32,512,SSD,Intel Iris,15.6,macOS,2.2,77240
492,HP,Ryzen 7,32,1000,HDD + SSD,Intel Iris,13.3,Linux,1.8,97000
493,Apple,i5 11th Gen,4,2048,HDD,Intel Iris,16.0,macOS,2.0,77960
494,Dell,M1,64,1000,SSD,Apple GPU,16.0,macOS,1.5,132000
495,Acer,i7 12th Gen,4,2048,HDD,Intel UHD,16.0,macOS,1.5,87960
496,Lenovo,M2,16,1000,SSD,Intel Iris,15.6,macOS,1.2,81000
497,Apple,M1,16,512,SSD,NVIDIA MX,15.6,macOS,1.2,71240
498,Dell,M1,64,2048,HDD + SSD,Apple GPU,15.6,macOS,1.2,149960
499,Apple,M1,4,2048,HDD,Apple GPU,17.3,macOS,2.0,87960
500,Dell,M1,64,2048,HDD + SSD,AMD Radeon,14.0,macOS,1.8,149960
501,HP,i7 12th Gen,32,512,HDD,AMD Radeon,14.0,macOS,1.6,92240
502,Dell,i3 10th Gen,8,512,SSD,AMD Radeon,14.0,macOS,1.5,53240
503,Lenovo,i3 10th Gen,64,1000,SSD,NVIDIA MX,17.3,Windows 10,2.2,122000
504,Lenovo,i7 12th Gen,8,1000,SSD,NVIDIA MX,17.3,Windows 10,1.5,86000
505,Asus,Ryzen 5,16,256,HDD + SSD,NVIDIA MX,16.0,Linux,1.6,69120
506,MSI,Ryzen 5,8,512,SSD,Apple GPU,17.3,Windows 11,2.2,66240
507,Asus,M1,16,512,HDD + SSD,Intel Iris,14.0,macOS,1.2,61240
508,Dell,i5 11th Gen,32,512,SSD,Apple GPU,13.3,Windows 10,1.6,87240
509,Acer,i7 12th Gen,64,256,SSD,AMD Radeon,16.0,Windows 10,1.2,127120
510,Dell,Ryzen 5,8,1000,HDD,AMD Radeon,13.3,macOS,1.8,68000
511,Lenovo,Ryzen 7,64,512,HDD,NVIDIA GTX,16.0,Windows 10,1.8,127240
512,Dell,i7 12th Gen,16,256,HDD,Apple GPU,16.0,Linux,1.2,74120
513,Apple,i7 12th Gen,4,2048,HDD,NVIDIA GTX,17.3,macOS,2.2,97960
514,Apple,i3 10th Gen,8,512,SSD,Intel UHD,17.3,macOS,1.2,46240
515,Dell,M2,16,512,HDD + SSD,Intel Iris,13.3,macOS,1.8,71240
516,Acer,Ryzen 7,32,1000,HDD,Intel Iris,13.3,Windows 11,1.5,92000
517,Apple,Ryzen 5,4,1000,HDD,Intel Iris,17.3,macOS,2.5,57000
518,Dell,M1,64,256,HDD,Apple GPU,16.0,macOS,1.6,112120
519,Dell,M2,8,1000,HDD + SSD,NVIDIA MX,13.3,macOS,2.2,83000
520,Lenovo,i5 11th Gen,16,1000,HDD,NVIDIA GTX,17.3,macOS,2.2,79000
521,Dell,i5 11th Gen,4,512,HDD,Intel UHD,17.3,Linux,1.8,47240
522,Apple,i3 10th Gen,4,256,HDD + SSD,NVIDIA MX,15.6,macOS,1.2,44120
523,Lenovo,Ryzen 5,32,2048,HDD + SSD,Intel UHD,16.0,Windows 11,1.8,110960
524,Acer,i5 11th Gen,32,2048,HDD + SSD,Apple GPU,14.0,Linux,2.2,117960
525,HP,Ryzen 5,4,512,HDD + SSD,Intel Iris,13.3,macOS,2.5,49240
526,Asus,i3 10th Gen,32,512,HDD,Apple GPU,14.0,macOS,1.6,72240
527,MSI,Ryzen 5,16,256,HDD + SSD,AMD Radeon,17.3,Windows 10,1.8,69120
528,Apple,M1,8,2048,SSD,NVIDIA MX,17.3,macOS,2.2,96960
529,MSI,Ryzen 7,32,1000,SSD,Apple GPU,16.0,Windows 11,1.8,110000
530,MSI,M2,4,512,HDD + SSD,Intel UHD,17.3,macOS,1.8,62240
531,Acer,i5 11th Gen,64,256,SSD,NVIDIA GTX,16.0,macOS,1.5,117120
532,HP,i5 11th Gen,16,256,SSD,Apple GPU,16.0,Windows 11,2.2,69120
533,HP,M1,32,256,HDD,NVIDIA GTX,16.0,macOS,1.6,80120
534,Acer,i3 10th Gen,8,512,HDD + SSD,NVIDIA GTX,16.0,macOS,1.2,56240
535,MSI,i5 11th Gen,8,2048,HDD,NVIDIA GTX,14.0,Linux,2.0,88960
536,Lenovo,Ryzen 5,8,2048,HDD + SSD,Apple GPU,15.6,macOS,2.0,93960
537,Apple,i5 11th Gen,16,1000,HDD,NVIDIA GTX,16.0,macOS,1.2,79000
538,Apple,i5 11th Gen,16,2048,SSD,Intel UHD,16.0,macOS,1.6,94960
539,Lenovo,Ryzen 5,4,256,SSD,NVIDIA MX,16.0,Windows 10,2.0,57120
540,Apple,i3 10th Gen,8,1000,SSD,Apple GPU,17.3,macOS,2.5,66000
541,HP,i7 12th Gen,8,256,HDD,NVIDIA MX,16.0,Windows 11,1.5,66120
542,MSI,Ryzen 5,32,1000,HDD + SSD,Intel Iris,14.0,Windows 11,2.2,87000
543,Acer,i3 10th Gen,4,256,HDD + SSD,NVIDIA MX,14.0,Windows 11,1.5,44120
544,Dell,i5 11th Gen,16,2048,SSD,Intel Iris,15.6,Windows 11,1.8,91960
545,Asus,Ryzen 7,8,512,HDD + SSD,Intel Iris,14.0,Windows 10,2.5,63240
546,Apple,i3 10th Gen,4,256,HDD + SSD,NVIDIA GTX,16.0,macOS,1.5,47120
547,MSI,Ryzen 7,4,2048,HDD + SSD,Apple GPU,15.6,Windows 11,1.6,99960
548,Asus,M2,4,512,HDD,AMD Radeon,13.3,macOS,2.5,64240
549,MSI,i7 12th Gen,4,256,HDD,AMD Radeon,17.3,macOS,2.2,62120
550,Acer,Ryzen 5,8,512,SSD,Intel UHD,14.0,Windows 10,2.2,53240
551,HP,i7 12th Gen,8,512,SSD,Intel Iris,14.0,Windows 10,1.6,63240
552,Dell,Ryzen 5,32,512,HDD,NVIDIA GTX,13.3,Windows 11,2.5,82240
553,HP,Ryzen 5,4,1000,SSD,NVIDIA MX,14.0,Windows 10,1.6,69000
554,Apple,Ryzen 5,8,512,SSD,Intel UHD,17.3,macOS,1.2,56240
555,Apple,Ryzen 7,32,512,HDD,NVIDIA MX,17.3,macOS,2.0,95240
556,Lenovo,M2,16,1000,HDD,AMD Radeon,14.0,macOS,2.0,86000
557,HP,i3 10th Gen,16,2048,SSD,NVIDIA MX,14.0,Linux,2.5,91960
558,Asus,M1,64,2048,HDD,AMD Radeon,13.3,macOS,2.5,144960
559,Asus,Ryzen 5,64,2048,HDD + SSD,NVIDIA GTX,14.0,Linux,2.5,149960
560,Asus,M2,32,512,HDD,NVIDIA GTX,15.6,macOS,1.2,92240
561,Apple,i7 12th Gen,32,512,HDD,Intel Iris,14.0,macOS,1.2,82240
562,MSI,Ryzen 7,4,1000,HDD,Apple GPU,16.0,Windows 11,2.2,77000
563,HP,Ryzen 5,32,256,HDD + SSD,Intel UHD,17.3,macOS,1.6,75120
564,Dell,M2,4,512,HDD + SSD,Apple GPU,15.6,macOS,1.5,69240
565,Acer,M1,16,2048,HDD,AMD Radeon,13.3,macOS,2.0,96960
566,Apple,i3 10th Gen,16,2048,SSD,Intel Iris,14.0,macOS,1.8,81960
567,Lenovo,i5 11th Gen,64,1000,HDD + SSD,Intel Iris,13.3,Linux,2.5,119000
568,Asus,M1,4,256,HDD + SSD,AMD Radeon,17.3,macOS,2.5,57120
569,Apple,Ryzen 5,16,512,SSD,NVIDIA MX,13.3,macOS,1.8,71240
570,Acer,M2,8,512,HDD,AMD Radeon,17.3,macOS,2.0,71240
571,HP,M2,16,512,SSD,AMD Radeon,14.0,macOS,1.5,81240
572,Acer,i5 11th Gen,8,512,SSD,NVIDIA MX,16.0,Windows 11,1.6,66240
573,Asus,M2,8,2048,HDD,AMD Radeon,15.6,macOS,1.5,98960
574,Apple,i7 12th Gen,8,1000,SSD,NVIDIA MX,16.0,macOS,1.2,86000
575,MSI,Ryzen 5,32,2048,HDD + SSD,NVIDIA MX,16.0,Windows 11,1.5,120960
576,Lenovo,i5 11th Gen,64,1000,SSD,Intel Iris,14.0,Windows 10,2.5,119000
577,HP,i7 12th Gen,64,512,HDD + SSD,AMD Radeon,15.6,Windows 10,2.2,129240
578,Asus,i7 12th Gen,4,256,HDD,NVIDIA GTX,17.3,Windows 10,1.6,62120
579,Apple,Ryzen 5,8,1000,HDD + SSD,Apple GPU,14.0,macOS,2.0,73000
580,Lenovo,Ryzen 5,32,512,HDD + SSD,Intel Iris,13.3,Linux,1.8,77240
581,Lenovo,i5 11th Gen,8,512,HDD,NVIDIA MX,15.6,Windows 10,1.2,58240
582,Apple,i5 11th Gen,16,256,HDD,Intel Iris,17.3,macOS,1.6,54120
583,Dell,i5 11th Gen,64,512,HDD,NVIDIA MX,14.0,Linux,2.0,114240
584,MSI,M2,8,512,HDD,NVIDIA GTX,16.0,macOS,2.0,71240
585,HP,i3 10th Gen,4,256,SSD,NVIDIA GTX,17.3,Windows 11,1.5,47120
586,Apple,i5 11th Gen,4,512,HDD,Intel UHD,17.3,macOS,1.6,47240
587,Dell,M1,4,2048,HDD,NVIDIA MX,14.0,macOS,2.0,84960
588,Dell,Ryzen 7,64,256,SSD,AMD Radeon,13.3,Linux,1.2,124120
589,Lenovo,i3 10th Gen,4,512,HDD + SSD,Intel Iris,16.0,macOS,2.0,42240
590,Asus,M1,16,1000,SSD,NVIDIA MX,14.0,macOS,1.2,81000
591,Apple,i7 12th Gen,32,512,HDD,Intel Iris,13.3,macOS,2.0,82240
592,MSI,i3 10th Gen,64,256,HDD,NVIDIA GTX,13.3,Windows 10,1.2,99120
593,Dell,i7 12th Gen,4,256,SSD,NVIDIA GTX,17.3,macOS,1.2,67120
594,Acer,i7 12th Gen,32,256,SSD,Apple GPU,13.3,Windows 11,2.2,92120
595,Dell,i7 12th Gen,32,2048,HDD + SSD,NVIDIA MX,13.3,macOS,1.6,127960
596,Asus,i3 10th Gen,32,256,HDD,Apple GPU,15.6,macOS,2.0,67120
597,MSI,M2,32,1000,HDD,AMD Radeon,15.6,macOS,1.2,102000
598,MSI,i5 11th Gen,4,2048,HDD + SSD,AMD Radeon,13.3,Linux,2.0,89960
599,HP,i5 11th Gen,64,1000,SSD,AMD Radeon,15.6,Windows 10,1.5,129000
600,Acer,Ryzen 7,64,1000,SSD,NVIDIA MX,14.0,Linux,2.2,139000
601,Asus,Ryzen 7,4,2048,HDD,NVIDIA GTX,16.0,macOS,2.5,97960
602,Asus,Ryzen 7,16,1000,HDD + SSD,Intel UHD,14.0,Windows 11,1.2,81000
603,Dell,M2,8,512,HDD,NVIDIA GTX,13.3,macOS,2.5,68240
604,Apple,i3 10th Gen,64,2048,SSD,AMD Radeon,17.3,macOS,1.8,142960
605,Asus,Ryzen 5,16,1000,HDD,AMD Radeon,17.3,Linux,2.5,79000
606,Dell,Ryzen 7,16,1000,HDD + SSD,Intel Iris,17.3,Linux,1.8,84000
607,Lenovo,Ryzen 7,32,2048,SSD,NVIDIA GTX,13.3,Linux,1.2,127960
608,MSI,i3 10th Gen,4,1000,SSD,AMD Radeon,14.0,Linux,2.5,59000
609,Acer,M2,4,1000,HDD,NVIDIA MX,15.6,macOS,2.5,74000
610,Apple,i7 12th Gen,64,256,HDD,Apple GPU,13.3,macOS,1.6,119120
611,Asus,Ryzen 5,8,2048,HDD,AMD Radeon,16.0,Windows 11,1.8,91960
612,Dell,i3 10th Gen,4,1000,HDD + SSD,AMD Radeon,13.3,Linux,2.0,59000
613,Lenovo,i5 11th Gen,4,256,HDD,Intel UHD,13.3,Windows 10,1.6,39120
614,HP,M1,64,1000,HDD,NVIDIA GTX,17.3,macOS,1.8,127000
615,Acer,i5 11th Gen,4,512,SSD,NVIDIA GTX,17.3,Windows 11,2.2,62240
616,Apple,i3 10th Gen,4,1000,SSD,Intel UHD,17.3,macOS,1.2,52000
617,Dell,Ryzen 5,16,256,HDD,NVIDIA MX,14.0,macOS,1.6,61120
618,MSI,i3 10th Gen,4,2048,HDD,Intel UHD,15.6,Linux,2.2,64960
619,MSI,Ryzen 5,4,512,HDD,Intel Iris,16.0,Linux,1.5,47240
620,HP,Ryzen 5,16,2048,SSD,NVIDIA GTX,13.3,Linux,2.2,101960
621,HP,i7 12th Gen,16,256,HDD + SSD,Intel Iris,17.3,Linux,2.0,69120
622,HP,M1,32,2048,HDD,Intel Iris,16.0,macOS,1.8,105960
623,Acer,M2,4,1000,SSD,AMD Radeon,17.3,macOS,2.5,82000
624,Lenovo,Ryzen 5,16,256,SSD,NVIDIA GTX,16.0,Linux,2.2,69120
625,Apple,Ryzen 7,16,256,SSD,AMD Radeon,17.3,macOS,1.5,79120
626,Acer,M1,4,512,HDD + SSD,Intel UHD,13.3,macOS,1.6,49240
627,Lenovo,i3 10th Gen,64,2048,HDD,Apple GPU,14.0,Linux,1.2,134960
628,Lenovo,i3 10th Gen,8,2048,HDD,NVIDIA MX,14.0,macOS,2.5,78960
629,Apple,i3 10th Gen,64,512,HDD + SSD,NVIDIA MX,16.0,macOS,2.2,112240
630,Lenovo,i3 10th Gen,16,2048,HDD,NVIDIA MX,16.0,Windows 11,1.5,89960
631,Dell,i7 12th Gen,8,256,HDD + SSD,NVIDIA GTX,13.3,Linux,2.5,68120
632,Dell,i5 11th Gen,64,2048,HDD + SSD,Intel UHD,15.6,Windows 10,2.0,139960
633,Lenovo,M1,32,512,HDD,Intel UHD,16.0,macOS,2.2,75240
634,Asus,M2,8,1000,HDD,Intel Iris,13.3,macOS,2.2,68000
635,MSI,Ryzen 7,8,256,SSD,NVIDIA MX,13.3,Windows 10,1.6,68120
636,Lenovo,M2,4,256,HDD + SSD,AMD Radeon,17.3,macOS,1.5,67120
637,Lenovo,i3 10th Gen,16,1000,HDD + SSD,NVIDIA MX,16.0,Windows 10,1.2,74000
638,Dell,i3 10th Gen,16,2048,HDD + SSD,NVIDIA GTX,17.3,macOS,2.0,94960
639,Acer,Ryzen 7,16,512,HDD,NVIDIA MX,14.0,Linux,1.8,76240
640,Lenovo,M1,16,512,SSD,NVIDIA GTX,17.3,macOS,1.2,74240
641,Lenovo,M2,32,2048,HDD + SSD,AMD Radeon,17.3,macOS,2.5,130960
642,MSI,i7 12th Gen,16,1000,HDD + SSD,NVIDIA GTX,13.3,Windows 11,2.0,91000
643,Apple,i3 10th Gen,32,256,SSD,NVIDIA GTX,15.6,macOS,1.6,72120
644,Dell,M1,16,256,SSD,NVIDIA GTX,15.6,macOS,1.2,66120
645,Asus,i5 11th Gen,4,256,SSD,NVIDIA GTX,14.0,Windows 10,2.2,54120
646,Dell,i5 11th Gen,64,512,HDD + SSD,AMD Radeon,13.3,Windows 10,1.2,119240
647,Acer,Ryzen 7,32,1000,HDD + SSD,Apple GPU,15.6,Windows 11,2.0,107000
648,Asus,i5 11th Gen,64,256,SSD,NVIDIA MX,14.0,macOS,2.2,114120
649,Asus,i5 11th Gen,4,2048,HDD + SSD,NVIDIA MX,17.3,Windows 11,1.8,92960
650,Asus,M2,4,256,HDD + SSD,Intel UHD,16.0,macOS,2.5,57120
651,MSI,M2,16,256,HDD,NVIDIA GTX,15.6,macOS,1.2,71120
652,MSI,i7 12th Gen,4,1000,SSD,Intel Iris,14.0,Windows 11,1.5,69000
653,Dell,M1,16,256,HDD,NVIDIA GTX,15.6,macOS,1.8,61120
654,Asus,i7 12th Gen,32,256,SSD,Intel Iris,14.0,Windows 10,1.8,82120
655,MSI,i7 12th Gen,32,2048,SSD,Apple GPU,13.3,macOS,2.5,127960
656,Lenovo,Ryzen 7,64,2048,HDD,NVIDIA GTX,17.3,macOS,2.2,157960
657,MSI,i5 11th Gen,16,256,HDD + SSD,NVIDIA MX,15.6,macOS,1.8,66120
658,MSI,Ryzen 7,4,1000,HDD + SSD,AMD Radeon,14.0,Linux,1.2,79000
659,Acer,i5 11th Gen,8,2048,HDD + SSD,Intel Iris,16.0,macOS,2.5,86960
660,Asus,i7 12th Gen,64,512,SSD,Apple GPU,17.3,Windows 11,2.5,132240
661,Apple,M2,64,2048,SSD,NVIDIA MX,16.0,macOS,1.8,162960
662,Asus,Ryzen 5,64,512,HDD,NVIDIA GTX,14.0,Windows 11,1.8,114240
663,Dell,M2,4,1000,HDD + SSD,AMD Radeon,15.6,macOS,1.5,79000
664,Dell,M2,32,1000,SSD,Intel Iris,14.0,macOS,1.8,97000
665,Apple,Ryzen 7,64,256,SSD,NVIDIA GTX,17.3,macOS,1.5,127120
666,HP,M2,8,2048,HDD + SSD,NVIDIA MX,14.0,macOS,1.5,103960
667,MSI,Ryzen 7,4,2048,HDD,AMD Radeon,16.0,Linux,1.2,97960
668,HP,Ryzen 7,32,256,SSD,Intel Iris,14.0,Windows 10,2.2,82120
669,MSI,Ryzen 7,8,256,HDD + SSD,Apple GPU,15.6,Linux,1.5,68120
670,Lenovo,Ryzen 7,64,2048,HDD + SSD,NVIDIA MX,17.3,Linux,2.0,162960
671,MSI,Ryzen 7,4,2048,HDD,NVIDIA MX,17.3,macOS,1.2,97960
672,Apple,Ryzen 5,64,2048,HDD,Intel UHD,13.3,macOS,1.6,134960
673,Asus,i3 10th Gen,32,2048,HDD,NVIDIA GTX,14.0,Linux,1.6,102960
674,HP,i7 12th Gen,64,1000,HDD,NVIDIA MX,14.0,Linux,1.5,134000
675,Dell,i7 12th Gen,4,1000,HDD,Intel UHD,15.6,Linux,1.5,64000
676,HP,i3 10th Gen,4,512,SSD,Intel Iris,13.3,macOS,1.6,39240
677,HP,i3 10th Gen,16,1000,HDD,Apple GPU,13.3,Windows 11,2.5,66000
678,MSI,Ryzen 5,16,2048,HDD,NVIDIA GTX,15.6,Windows 10,2.2,96960
679,HP,M1,8,512,HDD + SSD,Intel UHD,15.6,macOS,2.2,53240
680,Lenovo,Ryzen 7,64,1000,HDD,Intel Iris,13.3,Linux,2.2,124000
681,Apple,i3 10th Gen,16,2048,HDD,Apple GPU,15.6,macOS,1.8,86960
682,MSI,i7 12th Gen,8,256,SSD,Intel Iris,16.0,Windows 10,1.2,61120
683,Apple,i5 11th Gen,32,512,HDD + SSD,Intel UHD,13.3,macOS,2.0,77240
684,Asus,M1,4,2048,HDD + SSD,Intel Iris,13.3,macOS,2.0,79960
685,Asus,M2,32,2048,HDD,Apple GPU,14.0,macOS,2.2,122960
686,Apple,i5 11th Gen,64,512,SSD,Apple GPU,16.0,macOS,2.5,122240
687,MSI,Ryzen 5,32,1000,HDD + SSD,NVIDIA GTX,13.3,Linux,1.6,97000
688,Dell,M2,16,1000,HDD + SSD,NVIDIA MX,15.6,macOS,1.2,91000
689,Acer,M1,8,256,HDD,NVIDIA GTX,16.0,macOS,2.5,56120
690,Asus,M2,32,256,HDD,NVIDIA MX,16.0,macOS,2.5,90120
691,Lenovo,i7 12th Gen,8,512,SSD,Intel Iris,17.3,Linux,1.6,66240
692,Dell,i7 12th Gen,32,512,HDD,NVIDIA GTX,15.6,Windows 10,2.5,92240
693,HP,i3 10th Gen,64,2048,HDD,Intel Iris,14.0,Linux,2.5,124960
694,Lenovo,Ryzen 5,16,256,SSD,AMD Radeon,14.0,Linux,1.5,66120
695,Dell,M2,16,1000,SSD,NVIDIA GTX,13.3,macOS,1.8,91000
696,Apple,Ryzen 7,8,1000,HDD,NVIDIA GTX,14.0,macOS,1.6,78000
697,Asus,M1,64,512,SSD,Apple GPU,14.0,macOS,1.6,119240
698,Dell,i7 12th Gen,32,1000,HDD,NVIDIA MX,13.3,Linux,1.2,102000
699,Asus,i3 10th Gen,16,256,HDD,Intel UHD,16.0,macOS,1.2,44120
700,Apple,M1,16,512,HDD + SSD,Apple GPU,17.3,macOS,2.0,74240
701,Lenovo,i3 10th Gen,16,2048,HDD + SSD,Apple GPU,15.6,Windows 10,2.2,91960
702,Asus,M1,16,256,HDD + SSD,NVIDIA MX,14.0,macOS,1.6,66120
703,Lenovo,M2,8,256,HDD + SSD,NVIDIA GTX,16.0,macOS,2.2,71120
704,HP,M2,8,2048,HDD + SSD,NVIDIA GTX,17.3,macOS,1.5,106960
705,Acer,i7 12th Gen,32,1000,HDD + SSD,Intel Iris,16.0,Linux,2.5,100000
706,Dell,Ryzen 5,32,512,HDD,NVIDIA GTX,16.0,macOS,2.5,85240
707,Acer,M1,16,256,HDD,NVIDIA GTX,17.3,macOS,1.2,64120
708,MSI,Ryzen 5,64,2048,HDD + SSD,AMD Radeon,16.0,macOS,1.2,152960
709,Dell,i3 10th Gen,32,2048,HDD + SSD,NVIDIA MX,14.0,macOS,2.2,107960
710,Lenovo,Ryzen 7,64,256,SSD,Apple GPU,16.0,Windows 11,2.0,127120
711,Asus,Ryzen 7,8,512,HDD + SSD,NVIDIA MX,17.3,Windows 11,1.6,76240
712,Dell,M2,16,2048,HDD + SSD,Intel Iris,14.0,macOS,2.5,101960
713,HP,M2,4,1000,HDD,AMD Radeon,15.6,macOS,2.2,74000
714,Dell,M2,32,512,HDD + SSD,Apple GPU,17.3,macOS,2.5,100240
715,Apple,i3 10th Gen,8,1000,HDD,NVIDIA MX,14.0,macOS,2.2,58000
716,MSI,i5 11th Gen,32,2048,SSD,Intel Iris,15.6,Windows 10,1.6,107960
717,Apple,Ryzen 7,64,256,SSD,NVIDIA GTX,17.3,macOS,1.2,127120
718,Acer,i3 10th Gen,32,256,HDD,AMD Radeon,16.0,Linux,2.5,70120
719,Dell,M2,32,2048,HDD + SSD,NVIDIA GTX,17.3,macOS,2.0,130960
720,Apple,Ryzen 5,64,256,SSD,Intel UHD,16.0,macOS,1.2,107120
721,Dell,i5 11th Gen,32,2048,SSD,NVIDIA MX,16.0,Linux,2.0,120960
722,Apple,i5 11th Gen,8,2048,HDD,Intel Iris,13.3,macOS,1.5,78960
723,HP,Ryzen 7,4,256,HDD,AMD Radeon,16.0,Windows 11,2.5,62120
724,Dell,M2,32,256,HDD,NVIDIA MX,17.3,macOS,2.0,90120
725,Apple,Ryzen 7,8,1000,SSD,NVIDIA MX,15.6,macOS,1.8,83000
726,Asus,M2,8,512,HDD,Intel UHD,13.3,macOS,1.8,58240
727,Apple,i7 12th Gen,64,256,HDD + SSD,Intel Iris,13.3,macOS,1.8,114120
728,Acer,i7 12th Gen,8,256,SSD,NVIDIA GTX,14.0,Windows 10,2.5,68120
729,Lenovo,i5 11th Gen,16,2048,SSD,Apple GPU,16.0,macOS,1.2,104960
730,HP,i5 11th Gen,64,1000,HDD + SSD,Intel Iris,15.6,macOS,1.5,119000
731,HP,Ryzen 5,4,256,HDD,AMD Radeon,13.3,Linux,1.6,49120
732,Asus,i3 10th Gen,4,1000,HDD,Intel UHD,14.0,Linux,2.0,44000
733,Dell,Ryzen 5,16,256,HDD,AMD Radeon,14.0,macOS,1.2,61120
734,HP,Ryzen 7,8,1000,HDD + SSD,Intel Iris,17.3,Windows 10,2.0,76000
735,Apple,M1,4,512,HDD + SSD,NVIDIA GTX,15.6,macOS,2.2,59240
736,HP,M2,32,256,HDD + SSD,Apple GPU,17.3,macOS,1.8,95120
737,Asus,M1,32,1000,HDD + SSD,Apple GPU,16.0,macOS,2.2,100000
738,Dell,i7 12th Gen,4,512,HDD + SSD,NVIDIA GTX,16.0,macOS,1.6,72240
739,HP,i3 10th Gen,64,256,HDD,Intel UHD,14.0,Linux,2.2,89120
740,Dell,Ryzen 7,8,2048,HDD + SSD,NVIDIA GTX,17.3,macOS,1.2,106960
741,MSI,i3 10th Gen,32,256,SSD,Intel UHD,15.6,Windows 10,2.2,62120
742,Asus,M2,32,2048,HDD + SSD,Apple GPU,14.0,macOS,1.2,127960
743,Apple,i7 12th Gen,8,256,HDD,NVIDIA MX,14.0,macOS,2.0,63120
744,Asus,Ryzen 5,32,512,HDD + SSD,NVIDIA MX,17.3,Windows 10,2.2,90240
745,Asus,i7 12th Gen,4,256,HDD,Apple GPU,13.3,Windows 11,1.8,59120
746,Apple,M1,4,1000,HDD,NVIDIA GTX,14.0,macOS,1.6,64000
747,HP,Ryzen 5,8,256,SSD,Intel Iris,16.0,Linux,1.6,51120
748,Asus,i3 10th Gen,8,512,HDD,NVIDIA GTX,17.3,Linux,1.6,51240
749,Apple,i5 11th Gen,64,1000,HDD,AMD Radeon,17.3,macOS,1.6,127000
750,HP,M1,16,512,HDD,NVIDIA MX,17.3,macOS,1.6,69240
751,Lenovo,M1,16,1000,SSD,Intel Iris,14.0,macOS,1.5,71000
752,Asus,Ryzen 5,64,256,HDD,Intel Iris,14.0,Windows 10,2.5,99120
753,Lenovo,M2,16,256,HDD,NVIDIA GTX,14.0,macOS,1.6,71120
754,Dell,i7 12th Gen,4,2048,HDD + SSD,Apple GPU,17.3,macOS,1.5,102960
755,Apple,Ryzen 7,16,1000,HDD + SSD,NVIDIA GTX,15.6,macOS,2.0,91000
756,Dell,Ryzen 7,64,512,HDD,Intel UHD,16.0,Linux,2.2,117240
757,Apple,M2,64,1000,HDD,NVIDIA GTX,14.0,macOS,1.5,134000
758,Acer,i3 10th Gen,8,512,HDD,Apple GPU,17.3,Linux,1.8,51240
759,Acer,i7 12th Gen,16,2048,SSD,Intel UHD,15.6,macOS,2.0,101960
760,Acer,i7 12th Gen,16,1000,SSD,Intel UHD,17.3,macOS,1.6,84000
761,Asus,i5 11th Gen,16,256,HDD + SSD,Intel UHD,13.3,macOS,2.2,56120
762,Acer,i7 12th Gen,8,256,SSD,NVIDIA GTX,16.0,Windows 10,1.5,71120
763,Dell,i3 10th Gen,8,1000,HDD,NVIDIA MX,16.0,Windows 11,2.2,61000
764,Acer,i7 12th Gen,64,512,HDD + SSD,NVIDIA MX,13.3,Linux,1.2,129240
765,Apple,Ryzen 5,16,2048,HDD,Intel Iris,17.3,macOS,2.2,89960
766,MSI,M2,8,2048,HDD + SSD,Apple GPU,14.0,macOS,1.6,103960
767,Lenovo,Ryzen 5,64,512,SSD,Intel UHD,14.0,Windows 10,1.8,109240
768,Lenovo,i5 11th Gen,32,256,SSD,Intel UHD,16.0,Windows 10,1.2,75120
769,Apple,Ryzen 7,16,256,HDD,Intel Iris,13.3,macOS,1.6,61120
770,Asus,i7 12th Gen,8,1000,SSD,Intel UHD,16.0,macOS,1.6,76000
771,Dell,Ryzen 7,16,1000,SSD,Intel Iris,14.0,Windows 11,1.2,81000
772,Asus,M2,4,2048,SSD,Apple GPU,15.6,macOS,1.5,99960
773,Acer,M2,8,1000,HDD,Apple GPU,15.6,macOS,1.2,78000
774,Lenovo,Ryzen 5,32,256,SSD,NVIDIA GTX,15.6,Linux,1.6,82120
775,Lenovo,i7 12th Gen,16,2048,HDD,AMD Radeon,13.3,Windows 11,2.5,106960
776,Acer,Ryzen 7,8,1000,HDD + SSD,Intel UHD,15.6,Linux,2.2,73000
777,Apple,Ryzen 5,32,2048,SSD,NVIDIA GTX,15.6,macOS,1.5,117960
778,Acer,i3 10th Gen,32,256,HDD + SSD,AMD Radeon,15.6,Windows 10,2.2,72120
779,MSI,Ryzen 7,64,1000,SSD,Intel UHD,17.3,macOS,1.2,132000
780,Asus,M2,8,512,SSD,NVIDIA GTX,16.0,macOS,1.8,76240
781,MSI,i5 11th Gen,16,512,SSD,NVIDIA MX,17.3,Linux,1.5,74240
782,MSI,i5 11th Gen,32,1000,HDD + SSD,Intel Iris,14.0,Windows 11,2.2,87000
783,HP,i5 11th Gen,4,256,HDD,Intel Iris,17.3,Windows 11,2.0,42120
784,Asus,Ryzen 5,16,2048,HDD,AMD Radeon,15.6,Windows 10,1.2,96960
785,Asus,i5 11th Gen,8,256,HDD + SSD,Intel Iris,17.3,macOS,1.2,51120
786,HP,M1,64,512,HDD,Intel Iris,17.3,macOS,2.5,107240
787,Apple,i5 11th Gen,64,256,HDD,Intel Iris,17.3,macOS,1.6,102120
788,Apple,M2,16,1000,SSD,Intel Iris,16.0,macOS,1.2,84000
789,Asus,Ryzen 5,4,256,SSD,Intel Iris,13.3,Windows 11,2.2,44120
790,MSI,i5 11th Gen,8,512,HDD + SSD,Intel Iris,17.3,macOS,1.8,56240
791,HP,M1,64,2048,HDD + SSD,NVIDIA GTX,15.6,macOS,2.5,149960
792,HP,Ryzen 5,32,256,SSD,Apple GPU,14.0,Windows 10,1.8,82120
793,Lenovo,i5 11th Gen,16,256,SSD,Intel Iris,16.0,Linux,1.8,59120
794,HP,Ryzen 5,64,256,HDD + SSD,Intel UHD,17.3,macOS,1.2,107120
795,Apple,M1,32,512,HDD,NVIDIA MX,17.3,macOS,1.8,85240
796,HP,i3 10th Gen,64,512,HDD,Intel UHD,17.3,Windows 10,2.2,97240
797,HP,Ryzen 7,64,2048,HDD,Intel UHD,13.3,macOS,2.2,144960
798,Lenovo,Ryzen 7,32,256,HDD,NVIDIA GTX,14.0,macOS,1.2,87120
799,MSI,Ryzen 5,4,256,HDD + SSD,Intel Iris,17.3,Windows 10,1.5,47120
800,Apple,M2,16,512,SSD,Intel UHD,14.0,macOS,1.2,71240
801,Apple,Ryzen 7,4,2048,SSD,AMD Radeon,13.3,macOS,2.2,99960
802,Lenovo,M1,4,256,HDD + SSD,Intel Iris,16.0,macOS,2.2,47120
803,MSI,Ryzen 7,8,512,SSD,AMD Radeon,17.3,Windows 10,1.6,76240
804,Asus,M2,16,2048,HDD + SSD,AMD Radeon,14.0,macOS,2.5,111960
805,Dell,M2,8,512,HDD + SSD,NVIDIA MX,16.0,macOS,2.5,76240
806,Asus,i3 10th Gen,64,1000,HDD,AMD Radeon,17.3,Windows 11,2.0,117000
807,Asus,i5 11th Gen,16,1000,HDD,Intel UHD,15.6,Windows 10,2.5,66000
808,Acer,Ryzen 5,4,256,HDD + SSD,Intel Iris,15.6,macOS,1.2,44120
809,Apple,i3 10th Gen,16,2048,HDD + SSD,Apple GPU,13.3,macOS,1.5,91960
810,Dell,i5 11th Gen,16,2048,HDD + SSD,Intel Iris,14.0,Windows 11,2.0,91960
811,Acer,i5 11th Gen,64,1000,SSD,NVIDIA MX,14.0,Linux,2.2,129000
812,Dell,Ryzen 5,64,2048,HDD,AMD Radeon,17.3,Windows 10,1.6,147960
813,MSI,i7 12th Gen,4,512,HDD + SSD,Apple GPU,14.0,macOS,1.5,69240
814,Lenovo,Ryzen 7,32,512,HDD + SSD,AMD Radeon,16.0,Windows 11,2.0,100240
815,Apple,Ryzen 7,64,512,HDD + SSD,Intel Iris,14.0,macOS,1.8,119240
816,MSI,Ryzen 5,16,1000,SSD,Intel UHD,16.0,macOS,1.2,74000
817,MSI,i3 10th Gen,4,512,HDD,NVIDIA MX,14.0,Windows 10,2.2,44240
818,Dell,Ryzen 7,4,2048,HDD,NVIDIA GTX,15.6,Linux,2.2,94960
819,Asus,M1,4,2048,SSD,NVIDIA MX,16.0,macOS,1.8,92960
820,Apple,i7 12th Gen,32,2048,HDD,NVIDIA MX,17.3,macOS,2.2,125960
821,Acer,M1,32,256,SSD,Apple GPU,16.0,macOS,2.0,85120
822,Dell,i3 10th Gen,64,512,HDD + SSD,Intel UHD,14.0,macOS,1.8,99240
823,Dell,Ryzen 7,8,512,HDD + SSD,Apple GPU,14.0,Windows 10,1.6,73240
824,Acer,Ryzen 7,64,2048,HDD + SSD,NVIDIA MX,14.0,Windows 11,1.5,159960
825,MSI,i3 10th Gen,64,256,SSD,NVIDIA MX,16.0,Linux,1.8,107120
826,Asus,Ryzen 5,16,256,HDD + SSD,Intel UHD,14.0,Windows 10,2.5,56120
827,Apple,M1,8,256,HDD + SSD,Apple GPU,15.6,macOS,1.2,58120
828,Lenovo,M1,8,2048,HDD,Intel UHD,15.6,macOS,1.2,78960
829,Asus,Ryzen 7,32,512,SSD,Intel Iris,15.6,Windows 10,2.5,87240
830,Dell,i7 12th Gen,8,2048,HDD,AMD Radeon,15.6,Windows 10,1.5,98960
831,Asus,M2,4,512,SSD,AMD Radeon,14.0,macOS,1.6,69240
832,MSI,M2,64,512,SSD,AMD Radeon,17.3,macOS,1.5,132240
833,Apple,Ryzen 7,64,2048,SSD,Intel UHD,15.6,macOS,2.0,149960
834,Dell,M2,32,512,SSD,Intel UHD,15.6,macOS,1.5,87240
835,Apple,i7 12th Gen,32,1000,HDD,Intel Iris,17.3,macOS,1.2,95000
836,MSI,M1,32,1000,HDD,NVIDIA GTX,14.0,macOS,2.2,92000
837,Dell,i7 12th Gen,64,512,HDD + SSD,NVIDIA GTX,15.6,Windows 10,1.6,129240
838,Lenovo,Ryzen 5,8,256,SSD,AMD Radeon,16.0,Linux,2.5,61120
839,Lenovo,Ryzen 7,4,1000,HDD,NVIDIA GTX,16.0,macOS,2.2,77000
840,Asus,i3 10th Gen,8,2048,SSD,NVIDIA MX,16.0,Windows 11,1.2,86960
841,HP,i5 11th Gen,32,1000,HDD,NVIDIA MX,13.3,macOS,2.0,92000
842,Acer,Ryzen 5,16,256,HDD,NVIDIA GTX,16.0,macOS,2.2,64120
843,Acer,M2,16,1000,HDD + SSD,NVIDIA GTX,13.3,macOS,1.8,91000
844,Acer,M1,64,512,HDD + SSD,NVIDIA GTX,16.0,macOS,1.8,122240
845,Asus,i5 11th Gen,32,2048,HDD,Intel Iris,14.0,macOS,1.2,102960
846,Apple,i3 10th Gen,8,512,HDD,NVIDIA MX,16.0,macOS,1.2,51240
847,Apple,M2,16,2048,HDD + SSD,Apple GPU,17.3,macOS,1.8,114960
848,HP,i5 11th Gen,8,256,HDD,NVIDIA GTX,15.6,Windows 11,1.5,53120
849,Asus,Ryzen 5,8,1000,HDD,NVIDIA GTX,16.0,Linux,2.5,71000
850,HP,i3 10th Gen,8,512,SSD,Apple GPU,15.6,Windows 11,1.8,53240
851,Lenovo,i5 11th Gen,8,512,SSD,Intel Iris,16.0,Windows 10,2.0,56240
852,Dell,M2,8,256,SSD,AMD Radeon,14.0,macOS,1.6,68120
853,MSI,i7 12th Gen,64,256,HDD + SSD,NVIDIA MX,14.0,macOS,1.6,124120
854,Dell,M1,16,2048,HDD,Apple GPU,15.6,macOS,2.0,96960
855,Dell,i5 11th Gen,32,2048,HDD + SSD,NVIDIA MX,15.6,macOS,1.5,117960
856,Dell,Ryzen 7,4,1000,HDD,NVIDIA MX,16.0,Windows 10,2.2,77000
857,Lenovo,Ryzen 5,64,2048,HDD + SSD,Intel UHD,16.0,Windows 11,1.6,142960
858,HP,M1,4,256,HDD + SSD,AMD Radeon,14.0,macOS,1.6,54120
859,Asus,i5 11th Gen,8,2048,HDD,Intel UHD,14.0,Linux,1.5,78960
860,MSI,i3 10th Gen,8,512,HDD + SSD,NVIDIA GTX,15.6,Windows 11,1.6,53240
861,Acer,Ryzen 7,16,256,SSD,NVIDIA GTX,15.6,macOS,2.0,76120
862,Acer,Ryzen 7,4,256,HDD + SSD,Intel UHD,15.6,Windows 10,1.2,54120
863,MSI,M2,64,256,HDD,Apple GPU,16.0,macOS,1.5,122120
864,Asus,i3 10th Gen,4,256,HDD,Apple GPU,15.6,Windows 11,2.0,39120
865,MSI,i5 11th Gen,16,512,SSD,Intel Iris,15.6,Windows 11,1.5,61240
866,Dell,i5 11th Gen,4,512,HDD + SSD,NVIDIA MX,16.0,Windows 10,1.5,62240
867,HP,i3 10th Gen,16,1000,HDD,NVIDIA GTX,13.3,Windows 11,1.2,66000
868,Lenovo,i5 11th Gen,16,512,HDD,Apple GPU,17.3,macOS,1.8,69240
869,Lenovo,i5 11th Gen,8,512,HDD + SSD,AMD Radeon,14.0,Windows 10,2.0,63240
870,MSI,i3 10th Gen,8,512,HDD + SSD,Apple GPU,16.0,Linux,2.0,56240
871,MSI,Ryzen 7,32,512,SSD,Apple GPU,17.3,Windows 10,2.0,100240
872,Apple,i3 10th Gen,8,1000,HDD,NVIDIA GTX,13.3,macOS,1.2,58000
873,HP,Ryzen 5,4,2048,HDD + SSD,Intel Iris,13.3,Windows 10,2.0,79960
874,Lenovo,Ryzen 5,8,512,HDD + SSD,AMD Radeon,13.3,Windows 10,2.0,63240
875,MSI,M1,4,256,HDD,NVIDIA MX,13.3,macOS,1.8,49120
876,Acer,Ryzen 5,64,1000,HDD,Apple GPU,14.0,Windows 10,1.5,124000
877,Acer,i5 11th Gen,32,1000,HDD + SSD,AMD Radeon,14.0,Windows 10,2.5,97000
878,Acer,Ryzen 7,64,1000,HDD + SSD,Intel UHD,17.3,Windows 10,1.5,132000
879,Asus,M2,4,256,HDD + SSD,Intel UHD,15.6,macOS,1.8,54120
880,Dell,M1,16,256,HDD,NVIDIA GTX,13.3,macOS,2.2,61120
881,HP,i3 10th Gen,16,256,HDD,Intel UHD,15.6,Linux,2.0,41120
882,Dell,Ryzen 5,4,256,HDD + SSD,Intel Iris,15.6,Windows 11,1.2,44120
883,Acer,i3 10th Gen,64,512,HDD + SSD,Apple GPU,17.3,Windows 10,1.5,112240
884,MSI,i3 10th Gen,16,2048,HDD,NVIDIA MX,15.6,Windows 10,2.5,86960
885,HP,Ryzen 5,64,256,HDD,AMD Radeon,16.0,Windows 11,2.2,112120
886,HP,i5 11th Gen,16,256,HDD + SSD,Apple GPU,17.3,Linux,2.5,69120
887,Lenovo,i3 10th Gen,32,256,SSD,NVIDIA MX,14.0,Windows 10,1.2,72120
888,Asus,Ryzen 5,16,1000,HDD,AMD Radeon,13.3,Windows 11,1.2,76000
889,Lenovo,Ryzen 7,8,2048,HDD,Intel Iris,14.0,Linux,1.6,88960
890,HP,Ryzen 7,32,512,HDD,Apple GPU,15.6,Linux,2.0,92240
891,Acer,i3 10th Gen,4,256,SSD,Apple GPU,17.3,Windows 11,1.8,47120
892,Lenovo,i3 10th Gen,16,1000,SSD,AMD Radeon,14.0,macOS,1.8,71000
893,HP,i5 11th Gen,64,2048,HDD + SSD,Apple GPU,13.3,Windows 11,1.8,149960
894,Acer,i7 12th Gen,4,1000,HDD + SSD,NVIDIA GTX,17.3,Windows 10,1.6,82000
895,Lenovo,i3 10th Gen,4,1000,SSD,NVIDIA MX,16.0,Windows 10,2.2,62000
896,HP,i7 12th Gen,4,256,HDD + SSD,NVIDIA MX,14.0,Linux,2.0,64120
897,Asus,Ryzen 7,32,1000,HDD + SSD,AMD Radeon,13.3,Linux,2.5,107000
898,Dell,i7 12th Gen,64,512,SSD,Intel Iris,15.6,Linux,2.0,119240
899,Asus,i5 11th Gen,4,2048,HDD,Intel Iris,13.3,Windows 11,1.5,74960
900,HP,i5 11th Gen,32,256,HDD,Apple GPU,15.6,Linux,1.5,77120
901,Lenovo,i7 12th Gen,64,256,HDD + SSD,Intel UHD,15.6,Windows 11,1.5,114120
902,Lenovo,i3 10th Gen,8,1000,HDD + SSD,Apple GPU,16.0,Windows 10,1.2,66000
903,Dell,i5 11th Gen,8,512,SSD,NVIDIA GTX,16.0,Windows 10,1.5,66240
904,Lenovo,Ryzen 7,64,512,SSD,AMD Radeon,13.3,Linux,2.5,129240
905,Lenovo,Ryzen 7,64,1000,HDD,Intel Iris,13.3,macOS,2.5,124000
906,Lenovo,i3 10th Gen,8,512,HDD + SSD,NVIDIA GTX,13.3,Windows 10,1.2,53240
907,Lenovo,M2,64,512,HDD,NVIDIA MX,15.6,macOS,1.2,124240
908,Asus,Ryzen 5,64,2048,HDD,Intel Iris,15.6,macOS,1.6,134960
909,Apple,i7 12th Gen,16,512,HDD,Intel Iris,17.3,macOS,2.2,69240
910,Lenovo,i7 12th Gen,16,2048,HDD,Intel UHD,14.0,macOS,1.6,96960
911,Lenovo,M1,16,256,SSD,NVIDIA MX,16.0,macOS,1.6,69120
912,MSI,Ryzen 7,64,2048,HDD + SSD,NVIDIA GTX,17.3,Windows 10,1.6,162960
913,Apple,Ryzen 5,16,256,HDD,NVIDIA GTX,15.6,macOS,2.5,61120
914,Asus,Ryzen 7,8,2048,HDD + SSD,AMD Radeon,17.3,Windows 10,1.8,106960
915,Lenovo,Ryzen 5,16,2048,HDD,NVIDIA GTX,13.3,macOS,2.5,96960
916,Acer,M2,8,512,HDD,Apple GPU,17.3,macOS,1.6,71240
917,Apple,i5 11th Gen,4,256,SSD,Apple GPU,14.0,macOS,2.0,54120
918,HP,M2,4,2048,SSD,Intel Iris,14.0,macOS,1.5,89960
919,Lenovo,i3 10th Gen,4,1000,HDD + SSD,Apple GPU,14.0,Linux,1.8,59000
920,MSI,M1,32,512,HDD,Intel Iris,14.0,macOS,1.6,72240
921,HP,i5 11th Gen,16,512,HDD,AMD Radeon,13.3,macOS,1.6,66240
922,Apple,i3 10th Gen,16,256,SSD,Intel UHD,13.3,macOS,1.8,46120
923,Dell,Ryzen 5,32,256,HDD + SSD,NVIDIA GTX,14.0,Linux,2.5,82120
924,MSI,i7 12th Gen,64,1000,HDD + SSD,Intel UHD,13.3,Linux,2.0,129000
925,MSI,Ryzen 5,64,1000,HDD + SSD,Intel Iris,16.0,Windows 10,1.2,122000
926,HP,M1,8,2048,SSD,Apple GPU,17.3,macOS,1.8,96960
927,Apple,M2,64,1000,HDD,AMD Radeon,17.3,macOS,1.6,137000
928,Dell,Ryzen 5,4,256,HDD,Intel UHD,16.0,Windows 10,1.5,42120
929,Dell,M2,4,2048,HDD + SSD,NVIDIA GTX,16.0,macOS,1.2,102960
930,Dell,i5 11th Gen,16,512,SSD,NVIDIA MX,13.3,Linux,1.6,71240
931,HP,M1,64,2048,HDD + SSD,Intel Iris,13.3,macOS,1.8,139960
932,HP,i5 11th Gen,4,1000,HDD,Apple GPU,14.0,macOS,1.8,64000
933,Lenovo,i7 12th Gen,16,512,HDD + SSD,Intel UHD,14.0,macOS,2.2,71240
934,MSI,i7 12th Gen,32,256,HDD,Intel UHD,17.3,Windows 10,1.2,80120
935,MSI,i3 10th Gen,4,2048,HDD + SSD,Intel UHD,16.0,Linux,1.2,72960
936,Asus,M1,16,256,HDD,Intel UHD,16.0,macOS,1.5,54120
937,Acer,Ryzen 7,8,2048,HDD,Intel UHD,13.3,Linux,1.5,88960
938,Apple,Ryzen 7,64,1000,HDD + SSD,Intel UHD,17.3,macOS,2.0,132000
939,HP,M1,8,512,SSD,NVIDIA GTX,17.3,macOS,2.2,66240
940,Asus,i7 12th Gen,64,256,HDD,Intel Iris,15.6,Windows 10,1.5,109120
941,Asus,Ryzen 5,64,256,HDD,NVIDIA GTX,14.0,macOS,1.5,109120
942,Lenovo,Ryzen 5,8,2048,SSD,NVIDIA GTX,17.3,Linux,1.2,96960
943,Acer,Ryzen 5,8,256,SSD,Apple GPU,15.6,macOS,1.2,58120
944,Lenovo,i7 12th Gen,16,1000,HDD + SSD,NVIDIA MX,15.6,macOS,1.6,91000
945,Lenovo,Ryzen 7,4,2048,HDD + SSD,NVIDIA MX,13.3,Linux,2.5,99960
946,Lenovo,M1,64,256,HDD + SSD,AMD Radeon,17.3,macOS,2.2,117120
947,MSI,i3 10th Gen,32,1000,HDD + SSD,NVIDIA MX,13.3,Windows 10,1.2,87000
948,Lenovo,Ryzen 7,16,512,HDD,NVIDIA GTX,13.3,Linux,2.5,76240
949,Dell,i3 10th Gen,64,2048,SSD,Apple GPU,15.6,macOS,1.5,139960
950,Lenovo,Ryzen 5,16,1000,HDD,Intel UHD,17.3,Linux,1.6,69000
951,Asus,i7 12th Gen,8,256,HDD + SSD,NVIDIA GTX,16.0,Windows 11,1.6,71120
952,Asus,i5 11th Gen,64,1000,HDD + SSD,Intel Iris,14.0,Windows 11,2.5,119000
953,Apple,i3 10th Gen,32,512,HDD + SSD,NVIDIA MX,14.0,macOS,2.0,77240
954,HP,M1,16,1000,HDD,NVIDIA MX,14.0,macOS,1.8,76000
955,Lenovo,i5 11th Gen,64,256,HDD + SSD,NVIDIA GTX,15.6,Windows 10,1.8,114120
956,Asus,i5 11th Gen,4,1000,HDD + SSD,Intel Iris,13.3,Windows 11,1.8,59000
957,Dell,i5 11th Gen,64,2048,HDD + SSD,Intel Iris,14.0,Windows 11,2.0,139960
958,MSI,i3 10th Gen,64,512,HDD + SSD,NVIDIA GTX,17.3,Windows 10,2.0,112240
959,Apple,M1,8,256,SSD,Intel Iris,14.0,macOS,2.2,48120
960,Dell,i7 12th Gen,4,512,HDD + SSD,AMD Radeon,17.3,Windows 11,2.5,72240
961,Apple,Ryzen 7,16,256,SSD,AMD Radeon,13.3,macOS,2.2,76120
962,Dell,Ryzen 7,32,512,HDD,Intel UHD,15.6,macOS,2.2,82240
963,MSI,M1,4,1000,HDD,NVIDIA GTX,15.6,macOS,1.8,64000
964,MSI,M1,32,512,SSD,NVIDIA MX,17.3,macOS,1.2,90240
965,HP,i3 10th Gen,4,1000,SSD,Intel UHD,13.3,Linux,1.8,49000
966,Acer,M1,4,1000,HDD,Apple GPU,17.3,macOS,2.0,67000
967,Apple,Ryzen 7,16,1000,HDD,AMD Radeon,16.0,macOS,1.5,89000
968,HP,Ryzen 7,64,512,SSD,Intel Iris,17.3,Linux,2.2,122240
969,Lenovo,M1,64,256,HDD + SSD,Intel Iris,15.6,macOS,2.2,104120
970,Acer,M2,64,256,HDD + SSD,NVIDIA GTX,17.3,macOS,1.2,127120
971,HP,M2,16,2048,HDD + SSD,NVIDIA GTX,14.0,macOS,1.5,111960
972,MSI,i3 10th Gen,32,256,HDD + SSD,NVIDIA GTX,14.0,Windows 10,1.2,72120
973,HP,i3 10th Gen,16,256,HDD,AMD Radeon,13.3,macOS,1.2,51120
974,Apple,i3 10th Gen,8,256,HDD + SSD,Apple GPU,17.3,macOS,2.5,51120
975,Lenovo,M1,8,512,HDD + SSD,NVIDIA GTX,17.3,macOS,1.5,66240
976,Asus,Ryzen 5,8,512,HDD + SSD,Apple GPU,16.0,Windows 11,2.2,66240
977,Acer,Ryzen 5,4,2048,SSD,Intel UHD,17.3,macOS,1.8,82960
978,Apple,i7 12th Gen,4,2048,SSD,NVIDIA MX,16.0,macOS,2.0,102960
979,Dell,Ryzen 5,8,256,SSD,AMD Radeon,14.0,macOS,1.5,58120
980,Acer,M2,4,512,SSD,NVIDIA MX,14.0,macOS,2.0,69240
981,Dell,Ryzen 7,4,2048,HDD + SSD,Apple GPU,14.0,Windows 10,1.6,99960
982,Lenovo,i3 10th Gen,4,1000,SSD,Apple GPU,15.6,Windows 11,2.5,59000
983,Asus,i5 11th Gen,64,512,HDD,NVIDIA GTX,14.0,Windows 10,2.5,114240
984,Apple,i3 10th Gen,4,512,HDD,NVIDIA GTX,15.6,macOS,2.5,44240
985,Asus,Ryzen 5,32,2048,SSD,AMD Radeon,13.3,Windows 10,1.6,117960
986,MSI,i7 12th Gen,8,1000,HDD + SSD,Apple GPU,17.3,Linux,2.5,86000
987,Dell,i7 12th Gen,16,1000,HDD + SSD,Intel Iris,15.6,Linux,2.0,81000
988,MSI,M1,64,2048,HDD + SSD,AMD Radeon,17.3,macOS,2.0,152960
989,Acer,Ryzen 5,16,512,HDD + SSD,AMD Radeon,14.0,Linux,1.5,71240
990,Lenovo,M1,32,1000,HDD,Apple GPU,16.0,macOS,1.2,95000
991,HP,Ryzen 5,32,512,HDD,Intel UHD,14.0,Windows 10,1.6,72240
992,HP,i3 10th Gen,64,1000,HDD,NVIDIA GTX,17.3,Windows 10,2.5,117000
993,Apple,M1,64,1000,HDD + SSD,Intel Iris,17.3,macOS,2.2,122000
994,HP,Ryzen 7,32,1000,SSD,Intel UHD,13.3,Linux,1.5,97000
995,Lenovo,Ryzen 7,64,256,HDD,NVIDIA GTX,14.0,Linux,1.8,119120
996,Asus,i5 11th Gen,8,1000,HDD,Apple GPU,17.3,Windows 10,2.5,71000
997,Asus,i7 12th Gen,8,1000,HDD + SSD,Intel UHD,15.6,macOS,1.5,73000
998,HP,i5 11th Gen,4,1000,HDD,Intel Iris,17.3,Linux,1.5,57000
999,Lenovo,i7 12th Gen,4,1000,SSD,Intel UHD,17.3,Windows 11,2.2,72000
